Threshold,Precision,Recall,F1,F2,False Negatives,True Positives,False Positives,True Negatives
2.3995826e-05,0.06624102154828412,1.0,0.12425149700598802,0.2618296529968454,0,83,1170,0
2.555876e-05,0.06629392971246006,1.0,0.12434456928838951,0.2619949494949495,0,83,1169,1
2.9672177e-05,0.06634692246203037,1.0,0.12443778110944528,0.2621604548325963,0,83,1168,2
3.295067e-05,0.0664,1.0,0.1245311327831958,0.26232616940581543,0,83,1167,3
3.3914577e-05,0.06645316253002402,1.0,0.12462462462462462,0.2624920936116382,0,83,1166,4
3.4740373e-05,0.06650641025641026,1.0,0.1247182569496619,0.2626582278481013,0,83,1165,5
3.5643297e-05,0.06655974338412189,1.0,0.12481203007518797,0.2628245725142495,0,83,1164,6
3.9663737e-05,0.06581059390048154,0.9879518072289156,0.12340105342362678,0.2598225602027883,1,82,1164,6
4.20722e-05,0.06586345381526104,0.9879518072289156,0.12349397590361445,0.25998731769181993,1,82,1163,7
4.280911e-05,0.06591639871382636,0.9879518072289156,0.12358703843255464,0.26015228426395937,1,82,1162,8
4.5179593e-05,0.06596942880128721,0.9879518072289156,0.12368024132730016,0.26031746031746034,1,82,1161,9
4.7082234e-05,0.06602254428341385,0.9879518072289156,0.12377358490566037,0.2604828462515883,1,82,1160,10
4.844353e-05,0.06607574536663981,0.9879518072289156,0.12386706948640483,0.2606484424666243,1,82,1159,11
4.9554124e-05,0.06612903225806452,0.9879518072289156,0.12396069538926682,0.2608142493638677,1,82,1158,12
5.120284e-05,0.06618240516545601,0.9879518072289156,0.12405446293494705,0.2609802673456397,1,82,1157,13
5.6461362e-05,0.06623586429725363,0.9879518072289156,0.12414837244511734,0.2611464968152866,1,82,1156,14
5.788788e-05,0.06628940986257073,0.9879518072289156,0.12424242424242424,0.26131293817718293,1,82,1155,15
6.0831437e-05,0.06634304207119741,0.9879518072289156,0.1243366186504928,0.2614795918367347,1,82,1154,16
6.2572035e-05,0.06639676113360324,0.9879518072289156,0.1244309559939302,0.2616464582003829,1,82,1153,17
6.2576626e-05,0.06645056726094004,0.9879518072289156,0.12452543659832954,0.26181353767560667,1,82,1152,18
6.46203e-05,0.0665044606650446,0.9879518072289156,0.12462006079027356,0.26198083067092653,1,82,1151,19
6.471545e-05,0.06655844155844155,0.9879518072289156,0.1247148288973384,0.26214833759590794,1,82,1150,20
6.622288e-05,0.06661251015434606,0.9879518072289156,0.1248097412480974,0.26231605886116444,1,82,1149,21
6.8117595e-05,0.06666666666666667,0.9879518072289156,0.12490479817212491,0.26248399487836105,1,82,1148,22
6.8298614e-05,0.06672091131000814,0.9879518072289156,0.125,0.2626521460602178,1,82,1147,23
6.844016e-05,0.06677524429967427,0.9879518072289156,0.12509534706331046,0.26282051282051283,1,82,1146,24
6.864828e-05,0.06682966585167074,0.9879518072289156,0.1251908396946565,0.26298909557408595,1,82,1145,25
6.986058e-05,0.06688417618270799,0.9879518072289156,0.1252864782276547,0.2631578947368421,1,82,1144,26
7.043821e-05,0.06693877551020408,0.9879518072289156,0.12538226299694188,0.26332691072575465,1,82,1143,27
7.164548e-05,0.06699346405228758,0.9879518072289156,0.12547819433817903,0.2634961439588689,1,82,1142,28
7.318655e-05,0.06704824202780049,0.9879518072289156,0.12557427258805512,0.26366559485530544,1,82,1141,29
7.639507e-05,0.06710310965630115,0.9879518072289156,0.12567049808429118,0.26383526383526384,1,82,1140,30
8.106297e-05,0.06715806715806716,0.9879518072289156,0.12576687116564417,0.2640051513200258,1,82,1139,31
8.232623e-05,0.06721311475409836,0.9879518072289156,0.12586339217191098,0.26417525773195877,1,82,1138,32
8.255886e-05,0.06726825266611977,0.9879518072289156,0.1259600614439324,0.26434558349451964,1,82,1137,33
8.266686e-05,0.06732348111658457,0.9879518072289156,0.12605687932359724,0.2645161290322581,1,82,1136,34
8.702078e-05,0.06737880032867707,0.9879518072289156,0.12615384615384614,0.26468689477081986,1,82,1135,35
8.819571e-05,0.06743421052631579,0.9879518072289156,0.1262509622786759,0.2648578811369509,1,82,1134,36
8.896004e-05,0.06748971193415639,0.9879518072289156,0.1263482280431433,0.2650290885585003,1,82,1133,37
8.9503344e-05,0.06754530477759473,0.9879518072289156,0.1264456437933693,0.2652005174644243,1,82,1132,38
8.9993824e-05,0.06760098928276999,0.9879518072289156,0.12654320987654322,0.26537216828478966,1,82,1131,39
9.029916e-05,0.06765676567656766,0.9879518072289156,0.12664092664092663,0.2655440414507772,1,82,1130,40
9.060795e-05,0.06771263418662263,0.9879518072289156,0.1267387944358578,0.2657161373946857,1,82,1129,41
9.144053e-05,0.06776859504132231,0.9879518072289156,0.1268368136117556,0.26588845654993515,1,82,1128,42
9.1669266e-05,0.06782464846980976,0.9879518072289156,0.12693498452012383,0.26606099935107075,1,82,1127,43
9.342383e-05,0.06788079470198675,0.9879518072289156,0.12703330751355538,0.2662337662337662,1,82,1126,44
9.4895084e-05,0.06793703396851698,0.9879518072289156,0.12713178294573643,0.2664067576348278,1,82,1125,45
9.598308e-05,0.06799336650082918,0.9879518072289156,0.12723041117145073,0.2665799739921977,1,82,1124,46
9.616943e-05,0.06804979253112033,0.9879518072289156,0.12732919254658384,0.2667534157449577,1,82,1123,47
9.8097255e-05,0.0681063122923588,0.9879518072289156,0.12742812742812742,0.2669270833333333,1,82,1122,48
9.822044e-05,0.06816292601828762,0.9879518072289156,0.12752721617418353,0.2671009771986971,1,82,1121,49
9.997807e-05,0.06821963394342762,0.9879518072289156,0.12762645914396886,0.26727509778357234,1,82,1120,50
0.00010030207,0.06827643630308076,0.9879518072289156,0.1277258566978193,0.2674494455316373,1,82,1119,51
0.00010039738,0.06833333333333333,0.9879518072289156,0.12782540919719407,0.26762402088772846,1,82,1118,52
0.000100588746,0.06839032527105922,0.9879518072289156,0.12792511700468018,0.2677988242978446,1,82,1117,53
0.000100749545,0.06844741235392321,0.9879518072289156,0.12802498048399688,0.2679738562091503,1,82,1116,54
0.000101705555,0.06850459482038429,0.9879518072289156,0.128125,0.2681491170699804,1,82,1115,55
0.000103286235,0.06856187290969899,0.9879518072289156,0.12822517591868648,0.2683246073298429,1,82,1114,56
0.000103562576,0.06861924686192468,0.9879518072289156,0.12832550860719874,0.2685003274394237,1,82,1113,57
0.00010510063,0.0678391959798995,0.9759036144578314,0.12685982772122162,0.2653997378768021,2,81,1113,57
0.000105205116,0.06789606035205364,0.9759036144578314,0.12695924764890282,0.26557377049180325,2,81,1112,58
0.00010647871,0.06795302013422819,0.9759036144578314,0.12705882352941175,0.265748031496063,2,81,1111,59
0.000106929256,0.06717044500419815,0.963855421686747,0.12558869701726844,0.262639527248851,3,80,1111,59
0.00010952592,0.06722689075630252,0.963855421686747,0.12568735271013354,0.2628120893561104,3,80,1110,60
0.00010983561,0.0672834314550042,0.963855421686747,0.12578616352201258,0.26298487836949375,3,80,1109,61
0.00011147085,0.06734006734006734,0.963855421686747,0.12588512981904013,0.2631578947368421,3,80,1108,62
0.00011386879,0.06739679865206402,0.963855421686747,0.12598425196850394,0.2633311389071758,3,80,1107,63
0.00011584166,0.06745362563237774,0.963855421686747,0.12608353033884948,0.2635046113306983,3,80,1106,64
0.000116962605,0.06751054852320675,0.963855421686747,0.12618296529968454,0.26367831245880025,3,80,1105,65
0.00011758953,0.06756756756756757,0.963855421686747,0.12628255722178375,0.2638522427440633,3,80,1104,66
0.000119191674,0.0676246830092984,0.963855421686747,0.1263823064770932,0.264026402640264,3,80,1103,67
0.0001194019,0.0676818950930626,0.963855421686747,0.12648221343873517,0.26420079260237783,3,80,1102,68
0.00012207328,0.06773920406435224,0.963855421686747,0.12658227848101267,0.26437541308658297,3,80,1101,69
0.00012225057,0.06779661016949153,0.963855421686747,0.12668250197941408,0.26455026455026454,3,80,1100,70
0.00012250835,0.06785411365564037,0.963855421686747,0.12678288431061807,0.26472534745201853,3,80,1099,71
0.00012301722,0.06791171477079797,0.963855421686747,0.126883425852498,0.26490066225165565,3,80,1098,72
0.00012343918,0.06796941376380629,0.963855421686747,0.12698412698412698,0.26507620941020543,3,80,1097,73
0.00012542993,0.06802721088435375,0.963855421686747,0.12708498808578236,0.26525198938992045,3,80,1096,74
0.00012665574,0.06808510638297872,0.963855421686747,0.1271860095389507,0.26542800265428,3,80,1095,75
0.00012715576,0.06814310051107325,0.963855421686747,0.12728719172633254,0.2656042496679947,3,80,1094,76
0.00012922357,0.06820119352088662,0.963855421686747,0.12738853503184713,0.26578073089701,3,80,1093,77
0.00012927668,0.06825938566552901,0.963855421686747,0.12749003984063745,0.26595744680851063,3,80,1092,78
0.0001300033,0.06831767719897523,0.963855421686747,0.12759170653907495,0.2661343978709248,3,80,1091,79
0.00013005204,0.06837606837606838,0.963855421686747,0.12769353551476456,0.2663115845539281,3,80,1090,80
0.0001302213,0.06843455945252352,0.963855421686747,0.12779552715654952,0.2664890073284477,3,80,1089,81
0.0001311014,0.0684931506849315,0.963855421686747,0.1278976818545164,0.26666666666666666,3,80,1088,82
0.00013218081,0.06855184233076264,0.963855421686747,0.128,0.266844563042028,3,80,1087,83
0.00013752148,0.0686106346483705,0.963855421686747,0.12810248198558846,0.26702269692923897,3,80,1086,84
0.0001375965,0.06866952789699571,0.963855421686747,0.1282051282051282,0.26720106880427524,3,80,1085,85
0.00013774839,0.06872852233676977,0.963855421686747,0.12830793905372895,0.26737967914438504,3,80,1084,86
0.0001410608,0.06792777300085985,0.9518072289156626,0.12680577849117175,0.26421404682274247,4,79,1084,86
0.00014155908,0.06798623063683305,0.9518072289156626,0.12690763052208837,0.2643908969210174,4,79,1083,87
0.00014159526,0.06804478897502153,0.9518072289156626,0.1270096463022508,0.26456798392498326,4,79,1082,88
0.00014206211,0.06810344827586207,0.9518072289156626,0.12711182622687048,0.26474530831099197,4,79,1081,89
0.00014500639,0.06816220880069025,0.9518072289156626,0.12721417069243157,0.26492287055667335,4,79,1080,90
0.00014652361,0.06822107081174439,0.9518072289156626,0.12731668009669622,0.2651006711409396,4,79,1079,91
0.00014972287,0.0682800345721694,0.9518072289156626,0.12741935483870967,0.26527871054398927,4,79,1078,92
0.00015049004,0.06833910034602077,0.9518072289156626,0.1275221953188055,0.2654569892473118,4,79,1077,93
0.00015336441,0.0683982683982684,0.9518072289156626,0.12762520193861066,0.265635507733692,4,79,1076,94
0.00015383147,0.0684575389948007,0.9518072289156626,0.12772837510105092,0.265814266487214,4,79,1075,95
0.00015439959,0.06851691240242845,0.9518072289156626,0.127831715210356,0.265993265993266,4,79,1074,96
0.00015541227,0.0685763888888889,0.9518072289156626,0.12793522267206478,0.2661725067385445,4,79,1073,97
0.00015613607,0.0686359687228497,0.9518072289156626,0.1280388978930308,0.2663519892110587,4,79,1072,98
0.00015813421,0.06869565217391305,0.9518072289156626,0.1281427412814274,0.26653171390013497,4,79,1071,99
0.00015875515,0.06875543951261967,0.9518072289156626,0.12824675324675325,0.2667116812964213,4,79,1070,100
0.00016009287,0.06881533101045297,0.9518072289156626,0.12835093419983754,0.2668918918918919,4,79,1069,101
0.00016143416,0.06887532693984307,0.9518072289156626,0.12845528455284552,0.26707234617985126,4,79,1068,102
0.00016602833,0.06893542757417102,0.9518072289156626,0.12855980471928397,0.2672530446549391,4,79,1067,103
0.00016684739,0.06899563318777292,0.9518072289156626,0.12866449511400652,0.2674339878131347,4,79,1066,104
0.00016832807,0.06905594405594405,0.9518072289156626,0.12876935615321924,0.2676151761517615,4,79,1065,105
0.00017125446,0.06911636045494313,0.9518072289156626,0.12887438825448613,0.2677966101694915,4,79,1064,106
0.00017220205,0.0691768826619965,0.9518072289156626,0.12897959183673469,0.26797829036635007,4,79,1063,107
0.00017297057,0.06923751095530237,0.9518072289156626,0.12908496732026145,0.2681602172437203,4,79,1062,108
0.00017373603,0.06929824561403508,0.9518072289156626,0.12919051512673754,0.26834239130434784,4,79,1061,109
0.00017531845,0.0684811237928007,0.9397590361445783,0.1276595744680851,0.26512576478586,5,78,1061,109
0.00017576736,0.06854130052724078,0.9397590361445783,0.12776412776412777,0.2653061224489796,5,78,1060,110
0.00017657787,0.06860158311345646,0.9397590361445783,0.12786885245901639,0.26548672566371684,5,78,1059,111
0.00017685995,0.06866197183098592,0.9397590361445783,0.1279737489745693,0.2656675749318801,5,78,1058,112
0.00017778632,0.06872246696035242,0.9397590361445783,0.12807881773399016,0.2658486707566462,5,78,1057,113
0.00017815916,0.06878306878306878,0.9397590361445783,0.12818405916187345,0.2660300136425648,5,78,1056,114
0.00017892061,0.06884377758164166,0.9397590361445783,0.12828947368421054,0.26621160409556316,5,78,1055,115
0.00017901175,0.06890459363957598,0.9397590361445783,0.12839506172839507,0.26639344262295084,5,78,1054,116
0.00017925496,0.06896551724137931,0.9397590361445783,0.128500823723229,0.26657552973342447,5,78,1053,117
0.0001804093,0.06902654867256637,0.9397590361445783,0.12860676009892827,0.2667578659370725,5,78,1052,118
0.00018087849,0.06908768821966342,0.9397590361445783,0.12871287128712872,0.2669404517453799,5,78,1051,119
0.00018237722,0.06914893617021277,0.9397590361445783,0.12881915772089184,0.2671232876712329,5,78,1050,120
0.00018382417,0.06921029281277728,0.9397590361445783,0.12892561983471074,0.2673063742289239,5,78,1049,121
0.00018559133,0.06927175843694494,0.9397590361445783,0.12903225806451613,0.2674897119341564,5,78,1048,122
0.0001875249,0.06933333333333333,0.9397590361445783,0.1291390728476821,0.2676733013040494,5,78,1047,123
0.00018921863,0.0693950177935943,0.9397590361445783,0.12924606462303231,0.26785714285714285,5,78,1046,124
0.00019098609,0.06945681211041853,0.9397590361445783,0.12935323383084577,0.26804123711340205,5,78,1045,125
0.00019145833,0.06951871657754011,0.9397590361445783,0.12946058091286308,0.26822558459422285,5,78,1044,126
0.00019218132,0.0695807314897413,0.9397590361445783,0.12956810631229235,0.26841018582243636,5,78,1043,127
0.00019313858,0.06964285714285715,0.9397590361445783,0.12967581047381546,0.26859504132231404,5,78,1042,128
0.00019516044,0.06970509383378017,0.9397590361445783,0.129783693843594,0.2687801516195727,5,78,1041,129
0.00019545038,0.06976744186046512,0.9397590361445783,0.1298917568692756,0.2689655172413793,5,78,1040,130
0.0001955999,0.06982990152193375,0.9397590361445783,0.13,0.2691511387163561,5,78,1039,131
0.00019971486,0.06989247311827956,0.9397590361445783,0.13010842368640535,0.26933701657458564,5,78,1038,132
0.00020050687,0.06995515695067264,0.9397590361445783,0.1302170283806344,0.26952315134761573,5,78,1037,133
0.00020081433,0.07001795332136446,0.9397590361445783,0.13032581453634084,0.2697095435684647,5,78,1036,134
0.00020103139,0.07008086253369272,0.9397590361445783,0.13043478260869565,0.2698961937716263,5,78,1035,135
0.00020197667,0.07014388489208633,0.9397590361445783,0.1305439330543933,0.27008310249307477,5,78,1034,136
0.00020201827,0.0702070207020702,0.9397590361445783,0.1306532663316583,0.2702702702702703,5,78,1033,137
0.00020592354,0.07027027027027027,0.9397590361445783,0.13076278290025148,0.27045769764216365,5,78,1032,138
0.0002063595,0.0703336339044184,0.9397590361445783,0.13087248322147652,0.27064538514920194,5,78,1031,139
0.00020644214,0.0703971119133574,0.9397590361445783,0.1309823677581864,0.2708333333333333,5,78,1030,140
0.0002104522,0.07046070460704607,0.9397590361445783,0.13109243697478992,0.2710215427380125,5,78,1029,141
0.00021140266,0.0705244122965642,0.9397590361445783,0.1312026913372582,0.2712100139082058,5,78,1028,142
0.00021232298,0.07058823529411765,0.9397590361445783,0.13131313131313133,0.27139874739039666,5,78,1027,143
0.00021266926,0.07065217391304347,0.9397590361445783,0.13142375737152484,0.27158774373259054,5,78,1026,144
0.00021275382,0.07071622846781506,0.9397590361445783,0.1315345699831366,0.27177700348432055,5,78,1025,145
0.00021303495,0.07078039927404718,0.9397590361445783,0.13164556962025317,0.2719665271966527,5,78,1024,146
0.0002145483,0.07084468664850137,0.9397590361445783,0.13175675675675674,0.2721563154221912,5,78,1023,147
0.00021616243,0.07090909090909091,0.9397590361445783,0.13186813186813187,0.2723463687150838,5,78,1022,148
0.00021705897,0.07097361237488627,0.9397590361445783,0.1319796954314721,0.27253668763102723,5,78,1021,149
0.00021747556,0.07103825136612021,0.9397590361445783,0.13209144792548688,0.2727272727272727,5,78,1020,150
0.00021933326,0.07110300820419325,0.9397590361445783,0.13220338983050847,0.2729181245626312,5,78,1019,151
0.00021937156,0.07116788321167883,0.9397590361445783,0.13231552162849872,0.27310924369747897,5,78,1018,152
0.00022105988,0.07123287671232877,0.9397590361445783,0.13242784380305603,0.27330063069376315,5,78,1017,153
0.00022181998,0.0712979890310786,0.9397590361445783,0.13254035683942225,0.27349228611500703,5,78,1016,154
0.00022259413,0.07136322049405307,0.9397590361445783,0.1326530612244898,0.2736842105263158,5,78,1015,155
0.00022391707,0.07142857142857142,0.9397590361445783,0.1327659574468085,0.273876404494382,5,78,1014,156
0.00022636054,0.07149404216315307,0.9397590361445783,0.13287904599659284,0.27406886858749124,5,78,1013,157
0.000228092,0.07155963302752294,0.9397590361445783,0.1329923273657289,0.2742616033755274,5,78,1012,158
0.00023079658,0.07162534435261708,0.9397590361445783,0.13310580204778158,0.2744546094299789,5,78,1011,159
0.00023309095,0.07169117647058823,0.9397590361445783,0.1332194705380017,0.2746478873239437,5,78,1010,160
0.00023378448,0.07175712971481141,0.9397590361445783,0.13333333333333333,0.2748414376321353,5,78,1009,161
0.00023389373,0.0718232044198895,0.9397590361445783,0.13344739093242086,0.2750352609308886,5,78,1008,162
0.00023624278,0.07188940092165899,0.9397590361445783,0.13356164383561644,0.27522935779816515,5,78,1007,163
0.00023801917,0.07195571955719557,0.9397590361445783,0.13367609254498714,0.2754237288135593,5,78,1006,164
0.00023850623,0.07202216066481995,0.9397590361445783,0.13379073756432247,0.2756183745583039,5,78,1005,165
0.0002385947,0.07208872458410351,0.9397590361445783,0.13390557939914163,0.2758132956152758,5,78,1004,166
0.00023863657,0.07215541165587419,0.9397590361445783,0.13402061855670103,0.2760084925690021,5,78,1003,167
0.00023992191,0.07222222222222222,0.9397590361445783,0.13413585554600171,0.2762039660056657,5,78,1002,168
0.00023999717,0.07228915662650602,0.9397590361445783,0.1342512908777969,0.2763997165131113,5,78,1001,169
0.00024135773,0.07235621521335807,0.9397590361445783,0.1343669250645995,0.2765957446808511,5,78,1000,170
0.0002443926,0.07242339832869081,0.9397590361445783,0.13448275862068965,0.276792051100071,5,78,999,171
0.00024515015,0.0724907063197026,0.9397590361445783,0.13459879206212252,0.27698863636363635,5,78,998,172
0.00024608523,0.07255813953488371,0.9397590361445783,0.13471502590673576,0.2771855010660981,5,78,997,173
0.0002464656,0.07262569832402235,0.9397590361445783,0.1348314606741573,0.2773826458036984,5,78,996,174
0.00024682988,0.07269338303821063,0.9397590361445783,0.13494809688581316,0.2775800711743772,5,78,995,175
0.0002470571,0.07276119402985075,0.9397590361445783,0.13506493506493505,0.2777777777777778,5,78,994,176
0.00024768422,0.07282913165266107,0.9397590361445783,0.13518197573656845,0.27797576621525305,5,78,993,177
0.00024774138,0.07289719626168224,0.9397590361445783,0.13529921942758022,0.2781740370898716,5,78,992,178
0.0002522964,0.07296538821328344,0.9397590361445783,0.13541666666666666,0.278372591006424,5,78,991,179
0.0002557905,0.07303370786516854,0.9397590361445783,0.1355343179843614,0.2785714285714286,5,78,990,180
0.00025731634,0.07310215557638237,0.9397590361445783,0.1356521739130435,0.278770550393138,5,78,989,181
0.0002587906,0.07317073170731707,0.9397590361445783,0.13577023498694518,0.27896995708154504,5,78,988,182
0.00025937677,0.07323943661971831,0.9397590361445783,0.13588850174216027,0.2791696492483894,5,78,987,183
0.00026019983,0.07330827067669173,0.9397590361445783,0.13600697471665213,0.2793696275071633,5,78,986,184
0.00026191748,0.07337723424270931,0.9397590361445783,0.13612565445026178,0.27956989247311825,5,78,985,185
0.00026196745,0.07344632768361582,0.9397590361445783,0.13624454148471615,0.2797704447632712,5,78,984,186
0.00026239714,0.07351555136663525,0.9397590361445783,0.13636363636363635,0.2799712849964106,5,78,983,187
0.00026303035,0.07264150943396226,0.927710843373494,0.1347331583552056,0.2765804597701149,6,77,983,187
0.00026314348,0.07271010387157696,0.927710843373494,0.13485113835376533,0.27677929547088426,6,77,982,188
0.00026583334,0.07277882797731569,0.927710843373494,0.13496932515337423,0.27697841726618705,6,77,981,189
0.00026661687,0.0728476821192053,0.927710843373494,0.13508771929824562,0.27717782577393807,6,77,980,190
0.00026695087,0.07291666666666667,0.927710843373494,0.13520632133450394,0.27737752161383283,6,77,979,191
0.00026994766,0.07298578199052133,0.927710843373494,0.13532513181019332,0.277577505407354,6,77,978,192
0.00027034714,0.0730550284629981,0.927710843373494,0.13544415127528583,0.2777777777777778,6,77,977,193
0.00027071807,0.0731244064577398,0.927710843373494,0.13556338028169015,0.2779783393501805,6,77,976,194
0.00027273022,0.07319391634980989,0.927710843373494,0.1356828193832599,0.2781791907514451,6,77,975,195
0.000276337,0.07326355851569934,0.927710843373494,0.13580246913580246,0.2783803326102675,6,77,974,196
0.00027781154,0.07333333333333333,0.927710843373494,0.13592233009708737,0.2785817655571635,6,77,973,197
0.00027821446,0.07340324118207817,0.927710843373494,0.13604240282685512,0.278783490224475,6,77,972,198
0.00027939628,0.07347328244274809,0.927710843373494,0.1361626878868258,0.27898550724637683,6,77,971,199
0.00028178867,0.07354345749761222,0.927710843373494,0.13628318584070798,0.27918781725888325,6,77,970,200
0.00028532147,0.07265774378585087,0.9156626506024096,0.13463241806908768,0.2757619738751814,7,76,970,200
0.00028973984,0.07272727272727272,0.9156626506024096,0.1347517730496454,0.27596223674655046,7,76,969,201
0.00029077454,0.07279693486590039,0.9156626506024096,0.13487133984028393,0.2761627906976744,7,76,968,202
0.00029318436,0.0728667305848514,0.9156626506024096,0.1349911190053286,0.27636363636363637,7,76,967,203
0.000293334,0.07293666026871401,0.9156626506024096,0.1351111111111111,0.2765647743813683,7,76,966,204
0.00029339775,0.07300672430355427,0.9156626506024096,0.13523131672597866,0.2767662053896577,7,76,965,205
0.00029435483,0.07307692307692308,0.9156626506024096,0.13535173642030277,0.27696793002915454,7,76,964,206
0.00029532996,0.07314725697786333,0.9156626506024096,0.1354723707664884,0.27716994894237784,7,76,963,207
0.00029589137,0.07321772639691715,0.9156626506024096,0.13559322033898305,0.2773722627737226,7,76,962,208
0.00029621655,0.07328833172613308,0.9156626506024096,0.1357142857142857,0.27757487216946675,7,76,961,209
0.0002974076,0.07335907335907337,0.9156626506024096,0.1358355674709562,0.2777777777777778,7,76,960,210
0.00029776394,0.07342995169082125,0.9156626506024096,0.13595706618962433,0.2779809802487198,7,76,959,211
0.00029795422,0.0735009671179884,0.9156626506024096,0.1360787824529991,0.2781844802342606,7,76,958,212
0.00030117028,0.07357212003872217,0.9156626506024096,0.13620071684587814,0.2783882783882784,7,76,957,213
0.00030553326,0.07364341085271318,0.9156626506024096,0.13632286995515694,0.2785923753665689,7,76,956,214
0.00030811768,0.07371483996120272,0.9156626506024096,0.13644524236983843,0.27879677182685253,7,76,955,215
0.0003084442,0.07378640776699029,0.9156626506024096,0.13656783468104222,0.2790014684287812,7,76,954,216
0.00030962803,0.0738581146744412,0.9156626506024096,0.1366906474820144,0.27920646583394565,7,76,953,217
0.00031078202,0.07392996108949416,0.9156626506024096,0.13681368136813682,0.27941176470588236,7,76,952,218
0.00031081194,0.07400194741966894,0.9156626506024096,0.13693693693693693,0.27961736571008095,7,76,951,219
0.0003108887,0.07407407407407407,0.9156626506024096,0.13706041478809738,0.27982326951399117,7,76,950,220
0.00031262418,0.07414634146341463,0.9156626506024096,0.1371841155234657,0.2800294767870302,7,76,949,221
0.0003136284,0.07421875,0.9156626506024096,0.13730803974706413,0.28023598820059,7,76,948,222
0.00031420932,0.07429130009775171,0.9156626506024096,0.13743218806509946,0.28044280442804426,7,76,947,223
0.0003145384,0.07436399217221135,0.9156626506024096,0.13755656108597286,0.28064992614475626,7,76,946,224
0.0003192593,0.07443682664054849,0.9156626506024096,0.13768115942028986,0.28085735402808576,7,76,945,225
0.00031970855,0.07450980392156863,0.9156626506024096,0.13780598368087035,0.28106508875739644,7,76,944,226
0.0003209371,0.0745829244357213,0.9156626506024096,0.13793103448275862,0.28127313101406365,7,76,943,227
0.00032101915,0.07465618860510806,0.9156626506024096,0.13805631244323344,0.2814814814814815,7,76,942,228
0.0003238552,0.07472959685349066,0.9156626506024096,0.13818181818181818,0.28169014084507044,7,76,941,229
0.00032513007,0.07480314960629922,0.9156626506024096,0.13830755232029118,0.2818991097922849,7,76,940,230
0.0003252246,0.0748768472906404,0.9156626506024096,0.1384335154826958,0.28210838901262064,7,76,939,231
0.0003261894,0.07495069033530571,0.9156626506024096,0.13855970829535097,0.2823179791976226,7,76,938,232
0.00032619873,0.07502467917077986,0.9156626506024096,0.1386861313868613,0.2825278810408922,7,76,937,233
0.00032663316,0.07509881422924901,0.9156626506024096,0.13881278538812786,0.28273809523809523,7,76,936,234
0.00032696652,0.0751730959446093,0.9156626506024096,0.13893967093235832,0.28294862248696945,7,76,935,235
0.0003270778,0.07524752475247524,0.9156626506024096,0.13906678865507777,0.28315946348733234,7,76,934,236
0.00032732365,0.0753221010901883,0.9156626506024096,0.1391941391941392,0.2833706189410887,7,76,933,237
0.00032746594,0.07539682539682539,0.9156626506024096,0.13932172318973418,0.2835820895522388,7,76,932,238
0.00033068447,0.07547169811320754,0.9156626506024096,0.13944954128440368,0.2837938760268857,7,76,931,239
0.00033579225,0.07554671968190854,0.9156626506024096,0.13957759412304868,0.28400597907324365,7,76,930,240
0.00033601787,0.07562189054726368,0.9156626506024096,0.13970588235294118,0.28421839940164545,7,76,929,241
0.00033972482,0.07569721115537849,0.9156626506024096,0.13983440662373506,0.2844311377245509,7,76,928,242
0.00034355585,0.07577268195413758,0.9156626506024096,0.13996316758747698,0.2846441947565543,7,76,927,243
0.00034400047,0.07584830339321358,0.9156626506024096,0.1400921658986175,0.2848575712143928,7,76,926,244
0.00034413885,0.07592407592407592,0.9156626506024096,0.14022140221402213,0.28507126781695424,7,76,925,245
0.00034677176,0.075,0.9036144578313253,0.13850415512465375,0.28153153153153154,8,75,925,245
0.00034828437,0.07507507507507508,0.9036144578313253,0.13863216266173753,0.28174305033809166,8,75,924,246
0.00035259352,0.07515030060120241,0.9036144578313253,0.13876040703052728,0.2819548872180451,8,75,923,247
0.0003538683,0.07522567703109329,0.9036144578313253,0.1388888888888889,0.28216704288939054,8,75,922,248
0.00035460398,0.07530120481927711,0.9036144578313253,0.13901760889712697,0.28237951807228917,8,75,921,249
0.0003563642,0.07537688442211055,0.9036144578313253,0.1391465677179963,0.2825923134890731,8,75,920,250
0.00035732883,0.07545271629778671,0.9036144578313253,0.1392757660167131,0.2828054298642534,8,75,919,251
0.0003606547,0.0755287009063444,0.9036144578313253,0.13940520446096655,0.2830188679245283,8,75,918,252
0.00036067254,0.07560483870967742,0.9036144578313253,0.13953488372093023,0.28323262839879154,8,75,917,253
0.0003617342,0.07568113017154389,0.9036144578313253,0.13966480446927373,0.2834467120181406,8,75,916,254
0.00036199702,0.07575757575757576,0.9036144578313253,0.13979496738117428,0.283661119515885,8,75,915,255
0.00036217688,0.07583417593528817,0.9036144578313253,0.13992537313432835,0.2838758516275549,8,75,914,256
0.00036330026,0.07591093117408906,0.9036144578313253,0.1400560224089636,0.2840909090909091,8,75,913,257
0.0003634118,0.07598784194528875,0.9036144578313253,0.14018691588785046,0.28430629264594387,8,75,912,258
0.00036377468,0.07606490872210954,0.9036144578313253,0.1403180542563143,0.2845220030349014,8,75,911,259
0.00036458467,0.07614213197969544,0.9036144578313253,0.1404494382022472,0.2847380410022779,8,75,910,260
0.00036499294,0.07621951219512195,0.9036144578313253,0.14058106841611998,0.28495440729483285,8,75,909,261
0.00037052805,0.0762970498474059,0.9036144578313253,0.14071294559099437,0.28517110266159695,8,75,908,262
0.0003715462,0.07637474541751528,0.9036144578313253,0.14084507042253522,0.2853881278538813,8,75,907,263
0.00037279422,0.0764525993883792,0.9036144578313253,0.14097744360902256,0.2856054836252856,8,75,906,264
0.000373822,0.07653061224489796,0.9036144578313253,0.14111006585136407,0.2858231707317073,8,75,905,265
0.00037624474,0.07660878447395301,0.9036144578313253,0.14124293785310735,0.28604118993135014,8,75,904,266
0.0003767264,0.07668711656441718,0.9036144578313253,0.1413760603204524,0.2862595419847328,8,75,903,267
0.0003771046,0.0767656090071648,0.9036144578313253,0.14150943396226415,0.28647822765469827,8,75,902,268
0.00037712435,0.07684426229508197,0.9036144578313253,0.141643059490085,0.286697247706422,8,75,901,269
0.00037872058,0.07692307692307693,0.9036144578313253,0.14177693761814744,0.2869166029074216,8,75,900,270
0.00037995933,0.07700205338809035,0.9036144578313253,0.14191106906338694,0.2871362940275651,8,75,899,271
0.0003813879,0.07708119218910586,0.9036144578313253,0.14204545454545456,0.28735632183908044,8,75,898,272
0.0003814666,0.07716049382716049,0.9036144578313253,0.14218009478672985,0.2875766871165644,8,75,897,273
0.0003816341,0.07723995880535531,0.9036144578313253,0.14231499051233396,0.28779739063699156,8,75,896,274
0.00038245978,0.07731958762886598,0.9036144578313253,0.14245014245014245,0.2880184331797235,8,75,895,275
0.00038269666,0.07636738906088751,0.891566265060241,0.14068441064638784,0.2843966179861645,9,74,895,275
0.00038337932,0.07644628099173553,0.891566265060241,0.14081826831588962,0.2846153846153846,9,74,894,276
0.0003835742,0.07652533609100311,0.891566265060241,0.14095238095238094,0.2848344880677444,9,74,893,277
0.0003858774,0.07660455486542443,0.891566265060241,0.14108674928503337,0.2850539291217257,9,74,892,278
0.00038620166,0.0766839378238342,0.891566265060241,0.14122137404580154,0.28527370855821127,9,74,891,279
0.00039257735,0.07572614107883817,0.8795180722891566,0.13944603629417382,0.2816358024691358,10,73,891,279
0.0003938008,0.07580477673935618,0.8795180722891566,0.13957934990439771,0.28185328185328185,10,73,890,280
0.00039770396,0.07588357588357589,0.8795180722891566,0.1397129186602871,0.2820710973724884,10,73,889,281
0.0003999944,0.07596253902185224,0.8795180722891566,0.13984674329501914,0.2822892498066512,10,73,888,282
0.0004000867,0.07604166666666666,0.8795180722891566,0.13998082454458294,0.2825077399380805,10,73,887,283
0.0004004343,0.07612095933263817,0.8795180722891566,0.1401151631477927,0.28272656855151046,10,73,886,284
0.0004014826,0.07620041753653445,0.8795180722891566,0.14024975984630164,0.28294573643410853,10,73,885,285
0.00040320007,0.07628004179728318,0.8795180722891566,0.14038461538461539,0.28316524437548485,10,73,884,286
0.00040557806,0.07635983263598327,0.8795180722891566,0.14051973051010588,0.2833850931677019,10,73,883,287
0.0004056581,0.07643979057591622,0.8795180722891566,0.14065510597302505,0.2836052836052836,10,73,882,288
0.00040622306,0.07651991614255765,0.8795180722891566,0.1407907425265188,0.2838258164852255,10,73,881,289
0.00040655007,0.07660020986358866,0.8795180722891566,0.14092664092664092,0.2840466926070039,10,73,880,290
0.0004071574,0.07668067226890757,0.8795180722891566,0.14106280193236714,0.2842679127725857,10,73,879,291
0.00040906548,0.07676130389064142,0.8795180722891566,0.14119922630560927,0.284489477786438,10,73,878,292
0.00041198317,0.07684210526315789,0.8795180722891566,0.14133591481122942,0.28471138845553823,10,73,877,293
0.00041421677,0.07692307692307693,0.8795180722891566,0.14147286821705427,0.2849336455893833,10,73,876,294
0.00041811154,0.0770042194092827,0.8795180722891566,0.14161008729388944,0.28515625,10,73,875,295
0.0004181259,0.07708553326293559,0.8795180722891566,0.141747572815534,0.28537920250195464,10,73,874,296
0.00042129125,0.07716701902748414,0.8795180722891566,0.14188532555879493,0.2856025039123631,10,73,873,297
0.00042324516,0.07724867724867725,0.8795180722891566,0.14202334630350194,0.28582615505090053,10,73,872,298
0.00042325282,0.07733050847457627,0.8795180722891566,0.14216163583252192,0.28605015673981193,10,73,871,299
0.00042441135,0.07741251325556733,0.8795180722891566,0.14230019493177387,0.28627450980392155,10,73,870,300
0.00042837704,0.07749469214437367,0.8795180722891566,0.1424390243902439,0.28649921507064363,10,73,869,301
0.00043155128,0.077577045696068,0.8795180722891566,0.142578125,0.2867242733699921,10,73,868,302
0.0004317982,0.07765957446808511,0.8795180722891566,0.14271749755620725,0.2869496855345912,10,73,867,303
0.00043274654,0.0777422790202343,0.8795180722891566,0.14285714285714285,0.2871754523996853,10,73,866,304
0.00043543836,0.07782515991471216,0.8795180722891566,0.14299706170421156,0.2874015748031496,10,73,865,305
0.00043776463,0.07790821771611527,0.8795180722891566,0.14313725490196078,0.2876280535855004,10,73,864,306
0.00043814516,0.07799145299145299,0.8795180722891566,0.14327772325809618,0.28785488958990535,10,73,863,307
0.00043873198,0.07807486631016043,0.8795180722891566,0.14341846758349705,0.2880820836621942,10,73,862,308
0.00044111436,0.07815845824411134,0.8795180722891566,0.14355948869223206,0.2883096366508689,10,73,861,309
0.00044132338,0.0782422293676313,0.8795180722891566,0.1437007874015748,0.2885375494071146,10,73,860,310
0.00044323114,0.07832618025751073,0.8795180722891566,0.1438423645320197,0.2887658227848101,10,73,859,311
0.0004444653,0.07841031149301826,0.8795180722891566,0.14398422090729784,0.2889944576405384,10,73,858,312
0.00045003535,0.07849462365591398,0.8795180722891566,0.1441263573543929,0.28922345483359746,10,73,857,313
0.00045132078,0.07857911733046287,0.8795180722891566,0.1442687747035573,0.28945281522601113,10,73,856,314
0.00045190085,0.07866379310344827,0.8795180722891566,0.1444114737883284,0.2896825396825397,10,73,855,315
0.00045240746,0.07874865156418555,0.8795180722891566,0.14455445544554454,0.28991262907069104,10,73,854,316
0.00045347092,0.07883369330453564,0.8795180722891566,0.14469772051536176,0.2901430842607313,10,73,853,317
0.00045360625,0.07891891891891892,0.8795180722891566,0.14484126984126985,0.2903739061256961,10,73,852,318
0.00045563505,0.07900432900432901,0.8795180722891566,0.14498510427010924,0.2906050955414013,10,73,851,319
0.0004583697,0.0790899241603467,0.8795180722891566,0.14512922465208747,0.2908366533864542,10,73,850,320
0.0004619133,0.07917570498915401,0.8795180722891566,0.14527363184079603,0.29106858054226475,10,73,849,321
0.00046382978,0.07926167209554831,0.8795180722891566,0.1454183266932271,0.29130087789305664,10,73,848,322
0.00046492004,0.07934782608695652,0.8795180722891566,0.14556331006979062,0.2915335463258786,10,73,847,323
0.00046542953,0.0794341675734494,0.8795180722891566,0.14570858283433133,0.2917665867306155,10,73,846,324
0.0004661655,0.07952069716775599,0.8795180722891566,0.14585414585414586,0.292,10,73,845,325
0.00046633126,0.07960741548527808,0.8795180722891566,0.146,0.2922337870296237,10,73,844,326
0.0004667117,0.07969432314410481,0.8795180722891566,0.14614614614614616,0.29246794871794873,10,73,843,327
0.00046675908,0.07978142076502732,0.8795180722891566,0.1462925851703407,0.29270248596631915,10,73,842,328
0.00046873826,0.07986870897155361,0.8795180722891566,0.1464393179538616,0.2929373996789727,10,73,841,329
0.00047181052,0.07995618838992333,0.8795180722891566,0.1465863453815261,0.2931726907630522,10,73,840,330
0.0004741182,0.0800438596491228,0.8795180722891566,0.14673366834170853,0.2934083601286174,10,73,839,331
0.00047751167,0.0801317233809001,0.8795180722891566,0.14688128772635814,0.2936444086886565,10,73,838,332
0.00047925042,0.08021978021978023,0.8795180722891566,0.1470292044310171,0.2938808373590982,10,73,837,333
0.0004795049,0.08030803080308031,0.8795180722891566,0.14717741935483872,0.29411764705882354,10,73,836,334
0.00047971224,0.08039647577092511,0.8795180722891566,0.14732593340060546,0.29435483870967744,10,73,835,335
0.00047979323,0.0804851157662624,0.8795180722891566,0.14747474747474748,0.29459241323648105,10,73,834,336
0.00048145375,0.08057395143487858,0.8795180722891566,0.14762386248736098,0.2948303715670436,10,73,833,337
0.0004868813,0.08066298342541436,0.8795180722891566,0.14777327935222673,0.2950687146321746,10,73,832,338
0.0004900484,0.08075221238938053,0.8795180722891566,0.14792299898682879,0.2953074433656958,10,73,831,339
0.0004938309,0.08084163898117387,0.8795180722891566,0.14807302231237324,0.29554655870445345,10,73,830,340
0.00049454905,0.08093126385809313,0.8795180722891566,0.14822335025380712,0.29578606158833065,10,73,829,341
0.0004945761,0.08102108768035517,0.8795180722891566,0.1483739837398374,0.2960259529602595,10,73,828,342
0.0004947735,0.0811111111111111,0.8795180722891566,0.14852492370295015,0.2962662337662338,10,73,827,343
0.0004956637,0.08120133481646273,0.8795180722891566,0.14867617107942974,0.2965069049553209,10,73,826,344
0.00049808656,0.08129175946547884,0.8795180722891566,0.1488277268093782,0.2967479674796748,10,73,825,345
0.00049850973,0.08138238573021182,0.8795180722891566,0.1489795918367347,0.2969894222945484,10,73,824,346
0.0004989811,0.08147321428571429,0.8795180722891566,0.1491317671092952,0.2972312703583062,10,73,823,347
0.0005063344,0.08156424581005586,0.8795180722891566,0.1492842535787321,0.2974735126324368,10,73,822,348
0.0005075318,0.08165548098434004,0.8795180722891566,0.14943705220061412,0.29771615008156604,10,73,821,349
0.0005114743,0.08062709966405375,0.8674698795180723,0.14754098360655737,0.2938775510204082,11,72,821,349
0.0005128972,0.08071748878923767,0.8674698795180723,0.1476923076923077,0.29411764705882354,11,72,820,350
0.0005166602,0.08080808080808081,0.8674698795180723,0.14784394250513347,0.294358135731807,11,72,819,351
0.000517393,0.08089887640449438,0.8674698795180723,0.14799588900308325,0.2945990180032733,11,72,818,352
0.00051742827,0.08098987626546682,0.8674698795180723,0.14814814814814814,0.29484029484029484,11,72,817,353
0.00051889,0.08108108108108109,0.8674698795180723,0.14830072090628219,0.29508196721311475,11,72,816,354
0.000521111,0.08117249154453213,0.8674698795180723,0.14845360824742268,0.29532403609515995,11,72,815,355
0.00052417425,0.08126410835214447,0.8674698795180723,0.14860681114551083,0.2955665024630542,11,72,814,356
0.00052979955,0.08135593220338982,0.8674698795180723,0.1487603305785124,0.29580936729663104,11,72,813,357
0.00053761195,0.08144796380090498,0.8674698795180723,0.14891416752843847,0.29605263157894735,11,72,812,358
0.0005379523,0.08154020385050963,0.8674698795180723,0.14906832298136646,0.2962962962962963,11,72,811,359
0.0005409048,0.08163265306122448,0.8674698795180723,0.14922279792746113,0.29654036243822074,11,72,810,360
0.00054785254,0.08172531214528944,0.8674698795180723,0.14937759336099585,0.2967848309975268,11,72,809,361
0.00054823386,0.08181818181818182,0.8674698795180723,0.14953271028037382,0.297029702970297,11,72,808,362
0.0005550449,0.08191126279863481,0.8674698795180723,0.1496881496881497,0.2972749793559042,11,72,807,363
0.0005570355,0.08200455580865604,0.8674698795180723,0.14984391259105098,0.2975206611570248,11,72,806,364
0.00055902347,0.08209806157354618,0.8674698795180723,0.15,0.2977667493796526,11,72,805,365
0.00056187145,0.0821917808219178,0.8674698795180723,0.15015641293013557,0.2980132450331126,11,72,804,366
0.00057005754,0.08228571428571428,0.8674698795180723,0.15031315240083507,0.2982601491300746,11,72,803,367
0.0005706849,0.08237986270022883,0.8674698795180723,0.15047021943573669,0.29850746268656714,11,72,802,368
0.00057177653,0.08247422680412371,0.8674698795180723,0.1506276150627615,0.2987551867219917,11,72,801,369
0.00057226967,0.08256880733944955,0.8674698795180723,0.15078534031413612,0.29900332225913623,11,72,800,370
0.0005736844,0.08266360505166476,0.8674698795180723,0.1509433962264151,0.29925187032418954,11,72,799,371
0.00057405693,0.08275862068965517,0.8674698795180723,0.15110178384050368,0.2995008319467554,11,72,798,372
0.00057414337,0.08285385500575373,0.8674698795180723,0.15126050420168066,0.2997502081598668,11,72,797,373
0.00057785347,0.08294930875576037,0.8674698795180723,0.15141955835962145,0.3,11,72,796,374
0.00058026065,0.08304498269896193,0.8674698795180723,0.15157894736842106,0.3002502085070892,11,72,795,375
0.0005805049,0.08314087759815242,0.8674698795180723,0.1517386722866175,0.3005008347245409,11,72,794,376
0.0005836444,0.08323699421965318,0.8674698795180723,0.1518987341772152,0.3007518796992481,11,72,793,377
0.00058756705,0.08333333333333333,0.8674698795180723,0.15205913410770855,0.3010033444816054,11,72,792,378
0.00059007906,0.08342989571263036,0.8674698795180723,0.1522198731501057,0.301255230125523,11,72,791,379
0.00059061445,0.08352668213457076,0.8674698795180723,0.1523809523809524,0.3015075376884422,11,72,790,380
0.00059210835,0.08362369337979095,0.8674698795180723,0.15254237288135594,0.30176026823134955,11,72,789,381
0.00059753266,0.08372093023255814,0.8674698795180723,0.15270413573700956,0.30201342281879195,11,72,788,382
0.0005991814,0.08381839348079162,0.8674698795180723,0.15286624203821655,0.3022670025188917,11,72,787,383
0.0006055425,0.08391608391608392,0.8674698795180723,0.153028692879915,0.3025210084033613,11,72,786,384
0.0006071757,0.08284714119019837,0.8554216867469879,0.15106382978723404,0.29857022708158115,12,71,786,384
0.0006085409,0.08177570093457943,0.8433734939759037,0.14909478168264112,0.2946127946127946,13,70,786,384
0.00061066216,0.08187134502923976,0.8433734939759037,0.14925373134328357,0.2948609941027801,13,70,785,385
0.0006150133,0.08196721311475409,0.8433734939759037,0.14941302027748132,0.2951096121416526,13,70,784,386
0.0006198662,0.08206330597889801,0.8433734939759037,0.14957264957264957,0.29535864978902954,13,70,783,387
0.0006231154,0.08215962441314555,0.8433734939759037,0.1497326203208556,0.2956081081081081,13,70,782,388
0.0006231724,0.08225616921269095,0.8433734939759037,0.14989293361884368,0.2958579881656805,13,70,781,389
0.0006233485,0.08235294117647059,0.8433734939759037,0.15005359056806003,0.2961082910321489,13,70,780,390
0.00062885956,0.08244994110718493,0.8433734939759037,0.15021459227467812,0.29635901778154106,13,70,779,391
0.0006296628,0.08254716981132075,0.8433734939759037,0.15037593984962405,0.2966101694915254,13,70,778,392
0.0006319863,0.08264462809917356,0.8433734939759037,0.15053763440860216,0.2968617472434266,13,70,777,393
0.0006362761,0.08274231678486997,0.8433734939759037,0.15069967707212056,0.29711375212224106,13,70,776,394
0.00063817215,0.08165680473372781,0.8313253012048193,0.14870689655172414,0.2931180968564146,14,69,776,394
0.00063827675,0.08175355450236967,0.8313253012048193,0.1488673139158576,0.29336734693877553,14,69,775,395
0.0006440397,0.08066429418742586,0.8192771084337349,0.1468682505399568,0.28936170212765955,15,68,775,395
0.00064453733,0.08076009501187649,0.8192771084337349,0.14702702702702702,0.28960817717206133,15,68,774,396
0.00064976356,0.08085612366230678,0.8192771084337349,0.1471861471861472,0.2898550724637681,15,68,773,397
0.0006516957,0.08095238095238096,0.8192771084337349,0.14734561213434452,0.2901023890784983,15,68,772,398
0.0006533091,0.08104886769964244,0.8192771084337349,0.1475054229934924,0.29035012809564475,15,68,771,399
0.0006573547,0.07995226730310262,0.8072289156626506,0.1454940282301846,0.2863247863247863,16,67,771,399
0.0006574876,0.08004778972520908,0.8072289156626506,0.14565217391304347,0.2865697177074423,16,67,770,400
0.00065787305,0.08014354066985646,0.8072289156626506,0.1458106637649619,0.2868150684931507,16,67,769,401
0.00066209486,0.08023952095808383,0.8072289156626506,0.14596949891067537,0.2870608397600686,16,67,768,402
0.0006689442,0.0803357314148681,0.8072289156626506,0.14612868047982552,0.28730703259005147,16,67,767,403
0.00067547004,0.08043217286914765,0.8072289156626506,0.1462882096069869,0.2875536480686695,16,67,766,404
0.00067756185,0.08052884615384616,0.8072289156626506,0.146448087431694,0.28780068728522334,16,67,765,405
0.0006825026,0.08062575210589651,0.8072289156626506,0.14660831509846828,0.2880481513327601,16,67,764,406
0.00068269117,0.08072289156626505,0.8072289156626506,0.14676889375684557,0.2882960413080895,16,67,763,407
0.0006832581,0.08082026537997587,0.8072289156626506,0.14692982456140352,0.2885443583118002,16,67,762,408
0.00068508415,0.08091787439613526,0.8072289156626506,0.14709110867178923,0.28879310344827586,16,67,761,409
0.0006863732,0.07980652962515115,0.7951807228915663,0.14505494505494507,0.28472821397756687,17,66,761,409
0.0006974466,0.07990314769975787,0.7951807228915663,0.14521452145214522,0.2849740932642487,17,66,760,410
0.0007004918,0.08,0.7951807228915663,0.14537444933920704,0.28522039757994816,17,66,759,411
0.0007033156,0.08009708737864078,0.7951807228915663,0.14553472987872107,0.28546712802768165,17,66,758,412
0.0007039439,0.08019441069258809,0.7951807228915663,0.1456953642384106,0.2857142857142857,17,66,757,413
0.00070823473,0.08029197080291971,0.7951807228915663,0.14585635359116023,0.28596187175043325,17,66,756,414
0.00070907414,0.07917174177831912,0.7831325301204819,0.14380530973451328,0.2818733738074588,18,65,756,414
0.00071193493,0.07926829268292683,0.7831325301204819,0.14396456256921372,0.2821180555555556,18,65,755,415
0.00071906514,0.07936507936507936,0.7831325301204819,0.14412416851441243,0.28236316246741966,18,65,754,416
0.0007229373,0.07946210268948656,0.7831325301204819,0.14428412874583796,0.2826086956521739,18,65,753,417
0.00072416296,0.0795593635250918,0.7831325301204819,0.14444444444444443,0.2828546562228024,18,65,752,418
0.00072709564,0.07965686274509803,0.7831325301204819,0.1446051167964405,0.28310104529616725,18,65,751,419
0.0007276169,0.07975460122699386,0.7831325301204819,0.1447661469933185,0.2833478639930253,18,65,750,420
0.0007313451,0.07985257985257985,0.7831325301204819,0.14492753623188406,0.2835951134380454,18,65,749,421
0.0007326018,0.07995079950799508,0.7831325301204819,0.14508928571428573,0.2838427947598253,18,65,748,422
0.0007378363,0.08004926108374384,0.7831325301204819,0.1452513966480447,0.2840909090909091,18,65,747,423
0.0007405183,0.08014796547472257,0.7831325301204819,0.14541387024608501,0.28433945756780404,18,65,746,424
0.00074602506,0.08024691358024691,0.7831325301204819,0.1455767077267637,0.28458844133099825,18,65,745,425
0.000750319,0.08034610630407911,0.7831325301204819,0.14573991031390135,0.2848378615249781,18,65,744,426
0.00075209216,0.08044554455445545,0.7831325301204819,0.14590347923681257,0.2850877192982456,18,65,743,427
0.00075628975,0.080545229244114,0.7831325301204819,0.14606741573033707,0.2853380158033363,18,65,742,428
0.00076171587,0.08064516129032258,0.7831325301204819,0.14623172103487064,0.28558875219683655,18,65,741,429
0.000763025,0.08074534161490683,0.7831325301204819,0.1463963963963964,0.2858399296394019,18,65,740,430
0.00076984445,0.08084577114427861,0.7831325301204819,0.14656144306651633,0.2860915492957746,18,65,739,431
0.0007726222,0.08094645080946451,0.7831325301204819,0.14672686230248308,0.28634361233480177,18,65,738,432
0.00077363185,0.08104738154613467,0.7831325301204819,0.14689265536723164,0.2865961199294533,18,65,737,433
0.0007749157,0.08114856429463171,0.7831325301204819,0.14705882352941177,0.2868490732568402,18,65,736,434
0.00077518565,0.08125,0.7831325301204819,0.14722536806342015,0.2871024734982332,18,65,735,435
0.0007758689,0.08135168961201501,0.7831325301204819,0.1473922902494331,0.28735632183908044,18,65,734,436
0.00077616435,0.08145363408521303,0.7831325301204819,0.14755959137343927,0.28761061946902655,18,65,733,437
0.000777811,0.08030112923462986,0.7710843373493976,0.14545454545454545,0.283436669619132,19,64,733,437
0.0007802771,0.08040201005025126,0.7710843373493976,0.14562002275312855,0.28368794326241137,19,64,732,438
0.0007890998,0.08050314465408805,0.7710843373493976,0.14578587699316628,0.2839396628216504,19,64,731,439
0.0007918677,0.08060453400503778,0.7710843373493976,0.1459521094640821,0.2841918294849023,19,64,730,440
0.0007938263,0.0807061790668348,0.7710843373493976,0.1461187214611872,0.28444444444444444,19,64,729,441
0.00079499546,0.08080808080808081,0.7710843373493976,0.1462857142857143,0.2846975088967972,19,64,728,442
0.0007958687,0.08091024020227561,0.7710843373493976,0.14645308924485126,0.28495102404274264,19,64,727,443
0.0007979928,0.0810126582278481,0.7710843373493976,0.1466208476517755,0.28520499108734404,19,64,726,444
0.0007980095,0.08111533586818757,0.7710843373493976,0.14678899082568808,0.2854594112399643,19,64,725,445
0.00080191356,0.08121827411167512,0.7710843373493976,0.14695752009184845,0.2857142857142857,19,64,724,446
0.00080411625,0.08132147395171538,0.7710843373493976,0.1471264367816092,0.28596961572832885,19,64,723,447
0.00080450904,0.08142493638676845,0.7710843373493976,0.1472957422324511,0.28622540250447226,19,64,722,448
0.0008050888,0.08152866242038216,0.7710843373493976,0.14746543778801843,0.2864816472694718,19,64,721,449
0.0008099647,0.08163265306122448,0.7710843373493976,0.14763552479815456,0.2867383512544803,19,64,720,450
0.0008191184,0.08173690932311622,0.7710843373493976,0.14780600461893764,0.28699551569506726,19,64,719,451
0.000822212,0.08184143222506395,0.7710843373493976,0.14797687861271677,0.2872531418312388,19,64,718,452
0.00082426687,0.08194622279129321,0.7710843373493976,0.14814814814814814,0.28751123090745734,19,64,717,453
0.00082526926,0.08205128205128205,0.7710843373493976,0.14831981460023175,0.28776978417266186,19,64,716,454
0.0008273409,0.0821566110397946,0.7710843373493976,0.14849187935034802,0.28802880288028804,19,64,715,455
0.0008309943,0.08226221079691516,0.7710843373493976,0.148664343786295,0.2882882882882883,19,64,714,456
0.0008310185,0.08236808236808237,0.7710843373493976,0.14883720930232558,0.2885482416591524,19,64,713,457
0.0008360465,0.08247422680412371,0.7710843373493976,0.1490104772991851,0.2888086642599278,19,64,712,458
0.00084779994,0.08258064516129032,0.7710843373493976,0.14918414918414918,0.28906955736224027,19,64,711,459
0.00085468794,0.082687338501292,0.7710843373493976,0.14935822637106183,0.28933092224231466,19,64,710,460
0.00086177106,0.08279430789133248,0.7710843373493976,0.14953271028037382,0.2895927601809955,19,64,709,461
0.0008643108,0.08160621761658031,0.7590361445783133,0.14736842105263157,0.28532608695652173,20,63,709,461
0.00086511835,0.08171206225680934,0.7590361445783133,0.14754098360655737,0.28558476881233,20,63,708,462
0.0008674907,0.08181818181818182,0.7590361445783133,0.1477139507620164,0.28584392014519056,20,63,707,463
0.0008681927,0.08192457737321196,0.7590361445783133,0.14788732394366197,0.28610354223433243,20,63,706,464
0.00087209535,0.08203125,0.7590361445783133,0.14806110458284372,0.2863636363636364,20,63,705,465
0.0008726153,0.08213820078226858,0.7590361445783133,0.14823529411764705,0.28662420382165604,20,63,704,466
0.000873597,0.08224543080939947,0.7590361445783133,0.14840989399293286,0.28688524590163933,20,63,703,467
0.00088489207,0.08235294117647059,0.7590361445783133,0.14858490566037735,0.2871467639015497,20,63,702,468
0.00088522263,0.0824607329842932,0.7590361445783133,0.1487603305785124,0.2874087591240876,20,63,701,469
0.0008858728,0.08256880733944955,0.7590361445783133,0.14893617021276595,0.2876712328767123,20,63,700,470
0.0008867258,0.08267716535433071,0.7590361445783133,0.14911242603550295,0.28793418647166363,20,63,699,471
0.0008926407,0.08278580814717477,0.7590361445783133,0.14928909952606634,0.2881976212259835,20,63,698,472
0.00089403446,0.08289473684210526,0.7590361445783133,0.1494661921708185,0.28846153846153844,20,63,697,473
0.00089668506,0.08168642951251646,0.7469879518072289,0.14726840855106887,0.2841429880843263,21,62,697,473
0.0008983163,0.08179419525065963,0.7469879518072289,0.14744351961950058,0.28440366972477066,21,62,696,474
0.0009005347,0.08190224570673713,0.7469879518072289,0.14761904761904762,0.2846648301193756,21,62,695,475
0.0009016577,0.082010582010582,0.7469879518072289,0.14779499404052443,0.2849264705882353,21,62,694,476
0.0009060658,0.08211920529801324,0.7469879518072289,0.14797136038186157,0.28518859245630174,21,62,693,477
0.0009068353,0.08222811671087533,0.7469879518072289,0.14814814814814814,0.285451197053407,21,62,692,478
0.0009084087,0.08233731739707835,0.7469879518072289,0.14832535885167464,0.2857142857142857,21,62,691,479
0.00090846885,0.08244680851063829,0.7469879518072289,0.14850299401197606,0.2859778597785978,21,62,690,480
0.0009094779,0.08255659121171771,0.7469879518072289,0.1486810551558753,0.28624192059095105,21,62,689,481
0.0009103444,0.08266666666666667,0.7469879518072289,0.148859543817527,0.28650646950092423,21,62,688,482
0.0009106259,0.08277703604806408,0.7469879518072289,0.14903846153846154,0.28677150786308975,21,62,687,483
0.0009113181,0.08288770053475936,0.7469879518072289,0.14921780986762936,0.28703703703703703,21,62,686,484
0.00091538695,0.08299866131191433,0.7469879518072289,0.1493975903614458,0.2873030583873957,21,62,685,485
0.0009180882,0.08310991957104558,0.7469879518072289,0.14957780458383596,0.287569573283859,21,62,684,486
0.00092072546,0.08322147651006712,0.7469879518072289,0.1497584541062802,0.2878365831012071,21,62,683,487
0.0009224368,0.08333333333333333,0.7469879518072289,0.14993954050785974,0.28810408921933084,21,62,682,488
0.0009270011,0.08344549125168237,0.7469879518072289,0.15012106537530268,0.28837209302325584,21,62,681,489
0.00093178113,0.08355795148247978,0.7469879518072289,0.1503030303030303,0.2886405959031657,21,62,680,490
0.00093326176,0.08367071524966262,0.7469879518072289,0.15048543689320387,0.28890959925442683,21,62,679,491
0.00093367364,0.08378378378378379,0.7469879518072289,0.15066828675577157,0.2891791044776119,21,62,678,492
0.00093970884,0.08389715832205684,0.7469879518072289,0.15085158150851583,0.28944911297852477,21,62,677,493
0.00094081793,0.08401084010840108,0.7469879518072289,0.1510353227771011,0.2897196261682243,21,62,676,494
0.00094416563,0.08412483039348712,0.7469879518072289,0.15121951219512195,0.2899906454630496,21,62,675,495
0.00094914023,0.08423913043478261,0.7469879518072289,0.1514041514041514,0.2902621722846442,21,62,674,496
0.00095124013,0.08435374149659863,0.7469879518072289,0.15158924205378974,0.29053420805998126,21,62,673,497
0.00095180445,0.08446866485013624,0.7469879518072289,0.15177478580171358,0.29080675422138835,21,62,672,498
0.00095427607,0.08458390177353342,0.7469879518072289,0.15196078431372548,0.29107981220657275,21,62,671,499
0.0009562902,0.08469945355191257,0.7469879518072289,0.1521472392638037,0.29135338345864664,21,62,670,500
0.00095796137,0.08481532147742818,0.7469879518072289,0.15233415233415235,0.2916274694261524,21,62,669,501
0.00096364977,0.08493150684931507,0.7469879518072289,0.15252152521525214,0.2919020715630885,21,62,668,502
0.00096529454,0.0850480109739369,0.7469879518072289,0.15270935960591134,0.292177191328935,21,62,667,503
0.00097350526,0.08516483516483517,0.7469879518072289,0.15289765721331688,0.29245283018867924,21,62,666,504
0.00097410235,0.08528198074277854,0.7469879518072289,0.15308641975308643,0.2927289896128423,21,62,665,505
0.0009755791,0.08539944903581267,0.7469879518072289,0.15327564894932014,0.29300567107750475,21,62,664,506
0.0009805154,0.08551724137931034,0.7469879518072289,0.15346534653465346,0.293282876064333,21,62,663,507
0.0009807349,0.0856353591160221,0.7469879518072289,0.1536555142503098,0.2935606060606061,21,62,662,508
0.0009826926,0.08575380359612725,0.7469879518072289,0.15384615384615385,0.2938388625592417,21,62,661,509
0.0009843482,0.08587257617728532,0.7469879518072289,0.15403726708074533,0.29411764705882354,21,62,660,510
0.0009942643,0.08599167822468794,0.7469879518072289,0.15422885572139303,0.2943969610636277,21,62,659,511
0.0010041068,0.08611111111111111,0.7469879518072289,0.15442092154420922,0.2946768060836502,21,62,658,512
0.0010086736,0.08623087621696801,0.7469879518072289,0.1546134663341646,0.2949571836346337,21,62,657,513
0.0010115427,0.08635097493036212,0.7469879518072289,0.15480649188514356,0.29523809523809524,21,62,656,514
0.0010210284,0.08647140864714087,0.7469879518072289,0.155,0.29551954242135364,21,62,655,515
0.0010304864,0.08659217877094973,0.7469879518072289,0.15519399249061328,0.2958015267175573,21,62,654,516
0.0010335771,0.08671328671328671,0.7469879518072289,0.15538847117794485,0.29608404966571156,21,62,653,517
0.0010358755,0.08683473389355742,0.7469879518072289,0.15558343789209536,0.29636711281070743,21,62,652,518
0.0010442695,0.08695652173913043,0.7469879518072289,0.15577889447236182,0.2966507177033493,21,62,651,519
0.0010561122,0.08707865168539326,0.7469879518072289,0.1559748427672956,0.29693486590038315,21,62,650,520
0.001059641,0.08720112517580872,0.7469879518072289,0.1561712846347607,0.2972195589645254,21,62,649,521
0.0010613116,0.08732394366197183,0.7469879518072289,0.15636822194199243,0.29750479846449135,21,62,648,522
0.0010614914,0.08744710860366714,0.7469879518072289,0.15656565656565657,0.297790585975024,21,62,647,523
0.001066636,0.08757062146892655,0.7469879518072289,0.15676359039190899,0.2980769230769231,21,62,646,524
0.0010712403,0.0876944837340877,0.7469879518072289,0.1569620253164557,0.2983638113570741,21,62,645,525
0.0010753655,0.08781869688385269,0.7469879518072289,0.15716096324461343,0.29865125240847784,21,62,644,526
0.0010836724,0.08794326241134752,0.7469879518072289,0.15736040609137056,0.29893924783027964,21,62,643,527
0.0010858213,0.08806818181818182,0.7469879518072289,0.15756035578144853,0.29922779922779924,21,62,642,528
0.0010869079,0.08819345661450925,0.7469879518072289,0.15776081424936386,0.2995169082125604,21,62,641,529
0.0010884269,0.08831908831908832,0.7469879518072289,0.15796178343949044,0.29980657640232106,21,62,640,530
0.00109532,0.0884450784593438,0.7469879518072289,0.15816326530612246,0.30009680542110356,21,62,639,531
0.0010993666,0.08857142857142856,0.7469879518072289,0.1583652618135377,0.3003875968992248,21,62,638,532
0.0011000225,0.08869814020028613,0.7469879518072289,0.1585677749360614,0.3006789524733269,21,62,637,533
0.0011182207,0.08882521489971347,0.7469879518072289,0.1587708066581306,0.30097087378640774,21,62,636,534
0.0011204515,0.08895265423242468,0.7469879518072289,0.15897435897435896,0.3012633624878523,21,62,635,535
0.0011232033,0.08908045977011494,0.7469879518072289,0.15917843388960207,0.301556420233463,21,62,634,536
0.0011242925,0.08920863309352518,0.7469879518072289,0.15938303341902313,0.3018500486854917,21,62,633,537
0.0011311996,0.0893371757925072,0.7469879518072289,0.15958815958815958,0.30214424951267055,21,62,632,538
0.0011322632,0.08946608946608947,0.7469879518072289,0.15979381443298968,0.3024390243902439,21,62,631,539
0.0011329142,0.08959537572254335,0.7469879518072289,0.16,0.302734375,21,62,630,540
0.0011349104,0.08972503617945007,0.7469879518072289,0.16020671834625322,0.30303030303030304,21,62,629,541
0.0011365971,0.08985507246376812,0.7469879518072289,0.16041397153945666,0.30332681017612523,21,62,628,542
0.0011412074,0.0899854862119013,0.7469879518072289,0.16062176165803108,0.3036238981390793,21,62,627,543
0.0011428148,0.09011627906976744,0.7469879518072289,0.1608300907911803,0.30392156862745096,21,62,626,544
0.0011435917,0.09024745269286755,0.7469879518072289,0.16103896103896104,0.3042198233562316,21,62,625,545
0.0011532799,0.09037900874635568,0.7469879518072289,0.16124837451235371,0.3045186640471513,21,62,624,546
0.0011571991,0.0905109489051095,0.7469879518072289,0.16145833333333334,0.3048180924287119,21,62,623,547
0.0011576832,0.09064327485380116,0.7469879518072289,0.16166883963494133,0.3051181102362205,21,62,622,548
0.0011585404,0.09077598828696926,0.7469879518072289,0.1618798955613577,0.3054187192118227,21,62,621,549
0.0011638108,0.09090909090909091,0.7469879518072289,0.16209150326797386,0.3057199211045365,21,62,620,550
0.0011706327,0.09104258443465492,0.7469879518072289,0.16230366492146597,0.3060217176702863,21,62,619,551
0.0011722562,0.09117647058823529,0.7469879518072289,0.16251638269986893,0.30632411067193677,21,62,618,552
0.0011770306,0.09131075110456553,0.7469879518072289,0.16272965879265092,0.3066271018793274,21,62,617,553
0.0011798679,0.09144542772861357,0.7469879518072289,0.16294349540078842,0.3069306930693069,21,62,616,554
0.0011897825,0.0915805022156573,0.7469879518072289,0.1631578947368421,0.3072348860257681,21,62,615,555
0.0011901702,0.09171597633136094,0.7469879518072289,0.16337285902503293,0.30753968253968256,21,62,614,556
0.0011903662,0.09185185185185185,0.7469879518072289,0.16358839050131926,0.30784508440913605,21,62,613,557
0.0011931923,0.09198813056379822,0.7469879518072289,0.16380449141347425,0.3081510934393638,21,62,612,558
0.0011959511,0.09212481426448738,0.7469879518072289,0.164021164021164,0.30845771144278605,21,62,611,559
0.0011963045,0.09226190476190477,0.7469879518072289,0.16423841059602648,0.30876494023904383,21,62,610,560
0.001197765,0.09239940387481371,0.7469879518072289,0.16445623342175067,0.3090727816550349,21,62,609,561
0.0012045142,0.09253731343283582,0.7469879518072289,0.1646746347941567,0.3093812375249501,21,62,608,562
0.0012059422,0.09267563527653214,0.7469879518072289,0.16489361702127658,0.3096903096903097,21,62,607,563
0.0012110821,0.09281437125748503,0.7469879518072289,0.16511318242343542,0.31,21,62,606,564
0.0012116653,0.09295352323838081,0.7469879518072289,0.16533333333333333,0.3103103103103103,21,62,605,565
0.0012153718,0.09309309309309309,0.7469879518072289,0.16555407209612816,0.3106212424849699,21,62,604,566
0.0012226804,0.09323308270676692,0.7469879518072289,0.1657754010695187,0.31093279839518556,21,62,603,567
0.0012239785,0.09337349397590361,0.7469879518072289,0.16599732262382866,0.3112449799196787,21,62,602,568
0.0012350925,0.09351432880844646,0.7469879518072289,0.16621983914209115,0.31155778894472363,21,62,601,569
0.0012358963,0.09365558912386707,0.7469879518072289,0.16644295302013423,0.3118712273641851,21,62,600,570
0.0012378667,0.09379727685325265,0.7469879518072289,0.16666666666666666,0.3121852970795569,21,62,599,571
0.0012460408,0.09393939393939393,0.7469879518072289,0.16689098250336473,0.3125,21,62,598,572
0.0012467947,0.09408194233687406,0.7469879518072289,0.16711590296495957,0.31281533804238143,21,62,597,573
0.0012634078,0.09422492401215805,0.7469879518072289,0.16734143049932523,0.31313131313131315,21,62,596,574
0.001278089,0.0943683409436834,0.7469879518072289,0.16756756756756758,0.3134479271991911,21,62,595,575
0.0012793873,0.09451219512195122,0.7469879518072289,0.16779431664411368,0.31376518218623484,21,62,594,576
0.0012863912,0.09465648854961832,0.7469879518072289,0.16802168021680217,0.3140830800405269,21,62,593,577
0.0012947533,0.09480122324159021,0.7469879518072289,0.16824966078697423,0.3144016227180527,21,62,592,578
0.001298209,0.09494640122511486,0.7469879518072289,0.16847826086956522,0.3147208121827411,21,62,591,579
0.0012987148,0.0950920245398773,0.7469879518072289,0.16870748299319727,0.3150406504065041,21,62,590,580
0.0012992444,0.09523809523809523,0.7469879518072289,0.16893732970027248,0.31536113936927773,21,62,589,581
0.0013023583,0.09538461538461539,0.7469879518072289,0.16916780354706684,0.31568228105906315,21,62,588,582
0.0013065421,0.09553158705701079,0.7469879518072289,0.16939890710382513,0.3160040774719674,21,62,587,583
0.0013081235,0.09567901234567901,0.7469879518072289,0.16963064295485636,0.3163265306122449,21,62,586,584
0.0013180602,0.09582689335394126,0.7469879518072289,0.16986301369863013,0.3166496424923391,21,62,585,585
0.0013263058,0.09597523219814241,0.7469879518072289,0.1700960219478738,0.3169734151329243,21,62,584,586
0.0013284739,0.09612403100775194,0.7469879518072289,0.17032967032967034,0.3172978505629478,21,62,583,587
0.0013317309,0.09627329192546584,0.7469879518072289,0.17056396148555708,0.3176229508196721,21,62,582,588
0.0013337231,0.09642301710730948,0.7469879518072289,0.17079889807162535,0.31794871794871793,21,62,581,589
0.0013374431,0.09657320872274143,0.7469879518072289,0.17103448275862068,0.3182751540041068,21,62,580,590
0.0013666969,0.0967238689547582,0.7469879518072289,0.1712707182320442,0.3186022610483042,21,62,579,591
0.0013683641,0.096875,0.7469879518072289,0.1715076071922545,0.31893004115226337,21,62,578,592
0.0013761643,0.09702660406885759,0.7469879518072289,0.17174515235457063,0.3192584963954686,21,62,577,593
0.0013771042,0.09717868338557993,0.7469879518072289,0.17198335644937587,0.31958762886597936,21,62,576,594
0.0013851547,0.09733124018838304,0.7469879518072289,0.17222222222222222,0.31991744066047473,21,62,575,595
0.0013862572,0.09748427672955975,0.7469879518072289,0.17246175243393602,0.3202479338842975,21,62,574,596
0.0013914149,0.09763779527559055,0.7469879518072289,0.17270194986072424,0.32057911065149947,21,62,573,597
0.0013937259,0.09779179810725552,0.7469879518072289,0.17294281729428174,0.32091097308488614,21,62,572,598
0.0013958314,0.09794628751974724,0.7469879518072289,0.17318435754189945,0.32124352331606215,21,62,571,599
0.0013967189,0.0981012658227848,0.7469879518072289,0.17342657342657342,0.3215767634854772,21,62,570,600
0.0014006157,0.098256735340729,0.7469879518072289,0.17366946778711484,0.32191069574247144,21,62,569,601
0.0014065471,0.09682539682539683,0.7349397590361446,0.17110799438990182,0.31704781704781704,22,61,569,601
0.0014252416,0.09697933227344992,0.7349397590361446,0.17134831460674158,0.3173777315296566,22,61,568,602
0.0014260821,0.09554140127388536,0.7228915662650602,0.16877637130801687,0.3125,23,60,568,602
0.0014314082,0.09569377990430622,0.7228915662650602,0.16901408450704225,0.31282586027111575,23,60,567,603
0.0014417424,0.09584664536741214,0.7228915662650602,0.1692524682651622,0.31315240083507306,23,60,566,604
0.0014514944,0.096,0.7228915662650602,0.1694915254237288,0.31347962382445144,23,60,565,605
0.0014537028,0.09615384615384616,0.7228915662650602,0.16973125884016974,0.3138075313807531,23,60,564,606
0.0014658713,0.09630818619582665,0.7228915662650602,0.16997167138810199,0.31413612565445026,23,60,563,607
0.0014689855,0.09485530546623794,0.7108433734939759,0.1673758865248227,0.30922431865828093,24,59,563,607
0.001473019,0.09500805152979067,0.7108433734939759,0.16761363636363635,0.3095487932843652,24,59,562,608
0.0014733648,0.09516129032258064,0.7108433734939759,0.1678520625889047,0.30987394957983194,24,59,561,609
0.0014743066,0.09531502423263329,0.7108433734939759,0.16809116809116809,0.31019978969505785,24,59,560,610
0.0014870033,0.09546925566343042,0.7108433734939759,0.16833095577746077,0.3105263157894737,24,59,559,611
0.0014910869,0.09562398703403566,0.7108433734939759,0.16857142857142857,0.3108535300316122,24,59,558,612
0.0014928558,0.09577922077922078,0.7108433734939759,0.1688125894134478,0.3111814345991561,24,59,557,613
0.0014928593,0.0959349593495935,0.7108433734939759,0.16905444126074498,0.3115100316789863,24,59,556,614
0.00149651,0.09609120521172639,0.7108433734939759,0.16929698708751795,0.3118393234672304,24,59,555,615
0.0014989931,0.09624796084828711,0.7108433734939759,0.16954022988505746,0.31216931216931215,24,59,554,616
0.0015131213,0.09640522875816994,0.7108433734939759,0.1697841726618705,0.3125,24,59,553,617
0.0015187113,0.09656301145662848,0.7108433734939759,0.17002881844380405,0.31283138918345704,24,59,552,618
0.0015203101,0.09672131147540984,0.7108433734939759,0.17027417027417027,0.31316348195329086,24,59,551,619
0.0015223237,0.09688013136288999,0.7108433734939759,0.17052023121387283,0.3134962805526036,24,59,550,620
0.0015224165,0.09703947368421052,0.7108433734939759,0.170767004341534,0.31382978723404253,24,59,549,621
0.0015370906,0.09719934102141681,0.7108433734939759,0.17101449275362318,0.3141640042598509,24,59,548,622
0.0015485015,0.09735973597359736,0.7108433734939759,0.17126269956458637,0.31449893390191896,24,59,547,623
0.001561866,0.09752066115702479,0.7108433734939759,0.17151162790697674,0.31483457844183566,24,59,546,624
0.0015641155,0.09768211920529801,0.7108433734939759,0.1717612809315866,0.31517094017094016,24,59,545,625
0.0015645191,0.0978441127694859,0.7108433734939759,0.17201166180758018,0.3155080213903743,24,59,544,626
0.0015729115,0.09800664451827243,0.7108433734939759,0.17226277372262774,0.3158458244111349,24,59,543,627
0.0015768156,0.09816971713810316,0.7108433734939759,0.17251461988304093,0.3161843515541265,24,59,542,628
0.0015788384,0.09833333333333333,0.7108433734939759,0.17276720351390923,0.3165236051502146,24,59,541,629
0.0015807624,0.09849749582637729,0.7108433734939759,0.17302052785923755,0.31686358754027927,24,59,540,630
0.0015920982,0.09866220735785954,0.7108433734939759,0.17327459618208516,0.3172043010752688,24,59,539,631
0.0015970127,0.09882747068676717,0.7108433734939759,0.17352941176470588,0.317545748116254,24,59,538,632
0.0015979359,0.09899328859060402,0.7108433734939759,0.17378497790868924,0.31788793103448276,24,59,537,633
0.0015983125,0.09915966386554621,0.7108433734939759,0.17404129793510326,0.3182308522114347,24,59,536,634
0.0016012235,0.09932659932659933,0.7108433734939759,0.17429837518463812,0.3185745140388769,24,59,535,635
0.001601366,0.09949409780775717,0.7108433734939759,0.17455621301775148,0.31891891891891894,24,59,534,636
0.0016035129,0.09966216216216216,0.7108433734939759,0.1748148148148148,0.31926406926406925,24,59,533,637
0.0016104073,0.09983079526226735,0.7108433734939759,0.17507418397626112,0.3196099674972914,24,59,532,638
0.0016110407,0.1,0.7108433734939759,0.17533432392273401,0.3199566160520607,24,59,531,639
0.0016222032,0.100169779286927,0.7108433734939759,0.17559523809523808,0.32030401737242126,24,59,530,640
0.0016267078,0.10034013605442177,0.7108433734939759,0.17585692995529062,0.32065217391304346,24,59,529,641
0.0016300514,0.10051107325383304,0.7108433734939759,0.1761194029850746,0.32100108813928185,24,59,528,642
0.0016674743,0.10068259385665529,0.7108433734939759,0.17638266068759342,0.3213507625272331,24,59,527,643
0.0016717329,0.10085470085470086,0.7108433734939759,0.17664670658682635,0.321701199563795,24,59,526,644
0.001678304,0.10102739726027397,0.7108433734939759,0.17691154422788605,0.3220524017467249,24,59,525,645
0.0016840501,0.10120068610634649,0.7108433734939759,0.17717717717717718,0.3224043715846995,24,59,524,646
0.0016931824,0.09965635738831616,0.6987951807228916,0.17443609022556392,0.3172866520787746,25,58,524,646
0.0017007256,0.09982788296041308,0.6987951807228916,0.1746987951807229,0.3176341730558598,25,58,523,647
0.001715574,0.1,0.6987951807228916,0.17496229260935142,0.31798245614035087,25,58,522,648
0.0017262601,0.1001727115716753,0.6987951807228916,0.17522658610271905,0.31833150384193193,25,58,521,649
0.0017291574,0.10034602076124567,0.6987951807228916,0.17549167927382753,0.31868131868131866,25,58,520,650
0.0017300748,0.10051993067590988,0.6987951807228916,0.17575757575757575,0.31903190319031904,25,58,519,651
0.0017359573,0.10069444444444445,0.6987951807228916,0.17602427921092564,0.31938325991189426,25,58,518,652
0.0017410517,0.10086956521739131,0.6987951807228916,0.1762917933130699,0.3197353914002205,25,58,517,653
0.0017593522,0.10104529616724739,0.6987951807228916,0.1765601217656012,0.3200883002207506,25,58,516,654
0.0017640934,0.09947643979057591,0.6867469879518072,0.17378048780487804,0.3149171270718232,26,57,516,654
0.0017734455,0.09965034965034965,0.6867469879518072,0.17404580152671756,0.31526548672566373,26,57,515,655
0.0017982639,0.09982486865148861,0.6867469879518072,0.1743119266055046,0.31561461794019935,26,57,514,656
0.0018001753,0.1,0.6867469879518072,0.17457886676875958,0.31596452328159647,26,57,513,657
0.0018056046,0.10017574692442882,0.6867469879518072,0.17484662576687116,0.316315205327414,26,57,512,658
0.0018096417,0.10035211267605634,0.6867469879518072,0.17511520737327188,0.31666666666666665,26,57,511,659
0.0018132844,0.10052910052910052,0.6867469879518072,0.1753846153846154,0.3170189098998888,26,57,510,660
0.0018207037,0.10070671378091872,0.6867469879518072,0.17565485362095531,0.31737193763919824,26,57,509,661
0.001826082,0.10088495575221239,0.6867469879518072,0.17592592592592593,0.3177257525083612,26,57,508,662
0.0018375935,0.10106382978723404,0.6867469879518072,0.17619783616692428,0.31808035714285715,26,57,507,663
0.0018420473,0.10124333925399645,0.6867469879518072,0.17647058823529413,0.31843575418994413,26,57,506,664
0.0018569432,0.10142348754448399,0.6867469879518072,0.17674418604651163,0.3187919463087248,26,57,505,665
0.0018739803,0.10160427807486631,0.6867469879518072,0.17701863354037267,0.3191489361702128,26,57,504,666
0.0018785034,0.10178571428571428,0.6867469879518072,0.17729393468118196,0.3195067264573991,26,57,503,667
0.0018838814,0.10196779964221825,0.6867469879518072,0.17757009345794392,0.31986531986531985,26,57,502,668
0.0018871076,0.10215053763440861,0.6867469879518072,0.17784711388455537,0.3202247191011236,26,57,501,669
0.0018890684,0.10233393177737882,0.6867469879518072,0.178125,0.3205849268841395,26,57,500,670
0.0019013598,0.10251798561151079,0.6867469879518072,0.1784037558685446,0.32094594594594594,26,57,499,671
0.0019029522,0.10270270270270271,0.6867469879518072,0.1786833855799373,0.32130777903043967,26,57,498,672
0.0019127305,0.10288808664259928,0.6867469879518072,0.17896389324960754,0.3216704288939052,26,57,497,673
0.0019244291,0.10307414104882459,0.6867469879518072,0.1792452830188679,0.3220338983050847,26,57,496,674
0.0019392255,0.10326086956521739,0.6867469879518072,0.1795275590551181,0.3223981900452489,26,57,495,675
0.0019392614,0.10344827586206896,0.6867469879518072,0.17981072555205047,0.32276330690826727,26,57,494,676
0.0019453298,0.10363636363636364,0.6867469879518072,0.18009478672985782,0.3231292517006803,26,57,493,677
0.0019683188,0.10382513661202186,0.6867469879518072,0.18037974683544303,0.32349602724177073,26,57,492,678
0.0019707445,0.10401459854014598,0.6867469879518072,0.18066561014263074,0.32386363636363635,26,57,491,679
0.001983283,0.10420475319926874,0.6867469879518072,0.18095238095238095,0.3242320819112628,26,57,490,680
0.0019843425,0.1043956043956044,0.6867469879518072,0.18124006359300476,0.3246013667425968,26,57,489,681
0.0019957132,0.10458715596330276,0.6867469879518072,0.18152866242038215,0.3249714937286203,26,57,488,682
0.0019988252,0.10477941176470588,0.6867469879518072,0.18181818181818182,0.3253424657534247,26,57,487,683
0.0020104703,0.10497237569060773,0.6867469879518072,0.18210862619808307,0.32571428571428573,26,57,486,684
0.0020126146,0.10516605166051661,0.6867469879518072,0.1824,0.32608695652173914,26,57,485,685
0.002013285,0.10536044362292052,0.6867469879518072,0.18269230769230768,0.32646048109965636,26,57,484,686
0.0020147993,0.10555555555555556,0.6867469879518072,0.18298555377207062,0.3268348623853211,26,57,483,687
0.0020155138,0.10575139146567718,0.6867469879518072,0.1832797427652733,0.32721010332950634,26,57,482,688
0.0020234124,0.10594795539033457,0.6867469879518072,0.18357487922705315,0.3275862068965517,26,57,481,689
0.0020237514,0.10614525139664804,0.6867469879518072,0.18387096774193548,0.32796317606444186,26,57,480,690
0.0020278215,0.10634328358208955,0.6867469879518072,0.1841680129240711,0.3283410138248848,26,57,479,691
0.002040543,0.10654205607476636,0.6867469879518072,0.18446601941747573,0.328719723183391,26,57,478,692
0.0020515078,0.10674157303370786,0.6867469879518072,0.1847649918962723,0.32909930715935337,26,57,477,693
0.00205712,0.10694183864915573,0.6867469879518072,0.18506493506493507,0.32947976878612717,26,57,476,694
0.002083962,0.10526315789473684,0.6746987951807228,0.1821138211382114,0.32407407407407407,27,56,476,694
0.0020995822,0.10546139359698682,0.6746987951807228,0.18241042345276873,0.32444959443800697,27,56,475,695
0.0021027925,0.10566037735849057,0.6746987951807228,0.18270799347471453,0.3248259860788863,27,56,474,696
0.0021036882,0.10586011342155009,0.6746987951807228,0.1830065359477124,0.3252032520325203,27,56,473,697
0.0021058274,0.10606060606060606,0.6746987951807228,0.18330605564648117,0.32558139534883723,27,56,472,698
0.0021075406,0.10436432637571158,0.6626506024096386,0.18032786885245902,0.320139697322468,28,55,472,698
0.002113705,0.10266159695817491,0.6506024096385542,0.17733990147783252,0.3146853146853147,29,54,472,698
0.0021151186,0.10285714285714286,0.6506024096385542,0.17763157894736842,0.31505250875145857,29,54,471,699
0.0021208962,0.10305343511450382,0.6506024096385542,0.17792421746293247,0.31542056074766356,29,54,470,700
0.0021272374,0.10325047801147227,0.6506024096385542,0.1782178217821782,0.3157894736842105,29,54,469,701
0.002134958,0.10153256704980843,0.6385542168674698,0.17520661157024794,0.31030444964871196,30,53,469,701
0.002145349,0.09980806142034548,0.6265060240963856,0.17218543046357615,0.3048065650644783,31,52,469,701
0.0021670826,0.1,0.6265060240963856,0.1724709784411277,0.3051643192488263,31,52,468,702
0.0021728757,0.1001926782273603,0.6265060240963856,0.17275747508305647,0.30552291421856637,31,52,467,703
0.0021791635,0.10038610038610038,0.6265060240963856,0.17304492512479203,0.3058823529411765,31,52,466,704
0.0021896355,0.10058027079303675,0.6265060240963856,0.17333333333333334,0.30624263839811544,31,52,465,705
0.0021951245,0.10077519379844961,0.6265060240963856,0.17362270450751252,0.30660377358490565,31,52,464,706
0.002198918,0.10097087378640776,0.6265060240963856,0.17391304347826086,0.3069657615112161,31,52,463,707
0.0022180143,0.10116731517509728,0.6265060240963856,0.17420435510887772,0.3073286052009456,31,52,462,708
0.00221996,0.10136452241715399,0.6265060240963856,0.174496644295302,0.3076923076923077,31,52,461,709
0.0022523573,0.099609375,0.6144578313253012,0.17142857142857143,0.30213270142180093,32,51,461,709
0.0022621104,0.09980430528375733,0.6144578313253012,0.1717171717171717,0.302491103202847,32,51,460,710
0.0022745251,0.1,0.6144578313253012,0.17200674536256325,0.3028503562945368,32,51,459,711
0.0022778723,0.10019646365422397,0.6144578313253012,0.17229729729729729,0.3032104637336504,32,51,458,712
0.002281866,0.10039370078740158,0.6144578313253012,0.17258883248730963,0.30357142857142855,32,51,457,713
0.0022915048,0.10059171597633136,0.6144578313253012,0.17288135593220338,0.3039332538736591,32,51,456,714
0.002305702,0.1007905138339921,0.6144578313253012,0.1731748726655348,0.3042959427207637,32,51,455,715
0.0023111843,0.100990099009901,0.6144578313253012,0.17346938775510204,0.3046594982078853,32,51,454,716
0.0023326522,0.10119047619047619,0.6144578313253012,0.1737649063032368,0.3050239234449761,32,51,453,717
0.002344263,0.10139165009940358,0.6144578313253012,0.17406143344709898,0.30538922155688625,32,51,452,718
0.0023445406,0.10159362549800798,0.6144578313253012,0.17435897435897435,0.3057553956834532,32,51,451,719
0.002351787,0.0998003992015968,0.6024096385542169,0.17123287671232876,0.30012004801920766,33,50,451,719
0.0023572631,0.1,0.6024096385542169,0.17152658662092624,0.3004807692307692,33,50,450,720
0.0023584163,0.10020040080160321,0.6024096385542169,0.1718213058419244,0.3008423586040915,33,50,449,721
0.0023676236,0.10040160642570281,0.6024096385542169,0.1721170395869191,0.30120481927710846,33,50,448,722
0.0023765857,0.09859154929577464,0.5903614457831325,0.16896551724137931,0.2955367913148372,34,49,448,722
0.0023849278,0.09879032258064516,0.5903614457831325,0.1692573402417962,0.29589371980676327,34,49,447,723
0.002388517,0.09898989898989899,0.5903614457831325,0.1695501730103806,0.2962515114873035,34,49,446,724
0.0023968061,0.09919028340080972,0.5903614457831325,0.16984402079722705,0.2966101694915254,34,49,445,725
0.0024043566,0.09939148073022312,0.5903614457831325,0.1701388888888889,0.296969696969697,34,49,444,726
0.0024056768,0.09959349593495935,0.5903614457831325,0.17043478260869566,0.2973300970873786,34,49,443,727
0.0024247125,0.09979633401221996,0.5903614457831325,0.17073170731707318,0.2976913730255164,34,49,442,728
0.0024353745,0.1,0.5903614457831325,0.17102966841186737,0.2980535279805353,34,49,441,729
0.0024431034,0.10020449897750511,0.5903614457831325,0.17132867132867133,0.2984165651644336,34,49,440,730
0.0024463371,0.10040983606557377,0.5903614457831325,0.17162872154115585,0.29878048780487804,34,49,439,731
0.0024483942,0.10061601642710473,0.5903614457831325,0.17192982456140352,0.29914529914529914,34,49,438,732
0.0024830254,0.10082304526748971,0.5903614457831325,0.17223198594024605,0.2995110024449878,34,49,437,733
0.0024855635,0.09896907216494845,0.5783132530120482,0.16901408450704225,0.2937576499388005,35,48,437,733
0.0024994465,0.09917355371900827,0.5783132530120482,0.1693121693121693,0.29411764705882354,35,48,436,734
0.002501661,0.09937888198757763,0.5783132530120482,0.1696113074204947,0.294478527607362,35,48,435,735
0.0025045946,0.0995850622406639,0.5783132530120482,0.16991150442477876,0.29484029484029484,35,48,434,736
0.0025087188,0.0997920997920998,0.5783132530120482,0.1702127659574468,0.2952029520295203,35,48,433,737
0.0025550518,0.09791666666666667,0.5662650602409639,0.1669626998223801,0.2894088669950739,36,47,433,737
0.0025612826,0.09812108559498957,0.5662650602409639,0.16725978647686832,0.28976572133168926,36,47,432,738
0.0025772734,0.09832635983263599,0.5662650602409639,0.16755793226381463,0.29012345679012347,36,47,431,739
0.0025830138,0.09853249475890985,0.5662650602409639,0.16785714285714284,0.2904820766378245,36,47,430,740
0.0026039332,0.09873949579831932,0.5662650602409639,0.16815742397137745,0.2908415841584158,36,47,429,741
0.0026050122,0.09894736842105263,0.5662650602409639,0.16845878136200718,0.29120198265179675,36,47,428,742
0.0026094227,0.09915611814345991,0.5662650602409639,0.1687612208258528,0.29156327543424315,36,47,427,743
0.0026113333,0.09936575052854123,0.5662650602409639,0.16906474820143885,0.2919254658385093,36,47,426,744
0.0026134143,0.09957627118644068,0.5662650602409639,0.16936936936936936,0.2922885572139303,36,47,425,745
0.002615319,0.09978768577494693,0.5662650602409639,0.16967509025270758,0.29265255292652553,36,47,424,746
0.0026180693,0.1,0.5662650602409639,0.16998191681735986,0.29301745635910226,36,47,423,747
0.0026393146,0.10021321961620469,0.5662650602409639,0.17028985507246377,0.2933832709113608,36,47,422,748
0.0026456523,0.10042735042735043,0.5662650602409639,0.1705989110707804,0.29375,36,47,421,749
0.0026536426,0.1006423982869379,0.5662650602409639,0.1709090909090909,0.29411764705882354,36,47,420,750
0.00265578,0.10085836909871244,0.5662650602409639,0.17122040072859745,0.29448621553884713,36,47,419,751
0.0026594389,0.1010752688172043,0.5662650602409639,0.17153284671532848,0.2948557089084065,36,47,418,752
0.0026612985,0.10129310344827586,0.5662650602409639,0.17184643510054845,0.2952261306532663,36,47,417,753
0.0026863255,0.10151187904967603,0.5662650602409639,0.17216117216117216,0.29559748427672955,36,47,416,754
0.002693672,0.10173160173160173,0.5662650602409639,0.1724770642201835,0.2959697732997481,36,47,415,755
0.0027203385,0.1019522776572668,0.5662650602409639,0.17279411764705882,0.296343001261034,36,47,414,756
0.0027243297,0.10217391304347827,0.5662650602409639,0.1731123388581952,0.2967171717171717,36,47,413,757
0.00272554,0.10239651416122005,0.5662650602409639,0.17343173431734318,0.2970922882427307,36,47,412,758
0.002734525,0.10262008733624454,0.5662650602409639,0.17375231053604437,0.2974683544303797,36,47,411,759
0.0027693284,0.10284463894967177,0.5662650602409639,0.17407407407407408,0.29784537389100124,36,47,410,760
0.0027950623,0.10307017543859649,0.5662650602409639,0.17439703153988867,0.2982233502538071,36,47,409,761
0.0028159583,0.10329670329670329,0.5662650602409639,0.17472118959107807,0.29860228716645487,36,47,408,762
0.0028269887,0.10352422907488987,0.5662650602409639,0.1750465549348231,0.2989821882951654,36,47,407,763
0.0028559866,0.10375275938189846,0.5662650602409639,0.17537313432835822,0.29936305732484075,36,47,406,764
0.0028708335,0.10398230088495575,0.5662650602409639,0.17570093457943925,0.2997448979591837,36,47,405,765
0.0028996028,0.10421286031042129,0.5662650602409639,0.1760299625468165,0.3001277139208174,36,47,404,766
0.0029096096,0.10444444444444445,0.5662650602409639,0.17636022514071295,0.30051150895140666,36,47,403,767
0.0029193857,0.10467706013363029,0.5662650602409639,0.17669172932330826,0.30089628681177977,36,47,402,768
0.0029198688,0.10491071428571429,0.5662650602409639,0.17702448210922786,0.30128205128205127,36,47,401,769
0.0029320077,0.10514541387024609,0.5662650602409639,0.17735849056603772,0.30166880616174585,36,47,400,770
0.002934444,0.10538116591928251,0.5662650602409639,0.1776937618147448,0.30205655526992287,36,47,399,771
0.0029437784,0.10561797752808989,0.5662650602409639,0.17803030303030304,0.30244530244530243,36,47,398,772
0.0030008256,0.10585585585585586,0.5662650602409639,0.17836812144212524,0.30283505154639173,36,47,397,773
0.0030274119,0.10609480812641084,0.5662650602409639,0.17870722433460076,0.3032258064516129,36,47,396,774
0.0030407682,0.10633484162895927,0.5662650602409639,0.17904761904761904,0.30361757105943155,36,47,395,775
0.0030681272,0.10430839002267574,0.5542168674698795,0.17557251908396945,0.2975420439844761,37,46,395,775
0.003080208,0.10454545454545454,0.5542168674698795,0.17590822179732313,0.2979274611398964,37,46,394,776
0.0030872666,0.10478359908883828,0.5542168674698795,0.17624521072796934,0.29831387808041504,37,46,393,777
0.0030883397,0.1050228310502283,0.5542168674698795,0.1765834932821497,0.2987012987012987,37,46,392,778
0.0030890282,0.10526315789473684,0.5542168674698795,0.17692307692307693,0.29908972691807545,37,46,391,779
0.003092403,0.10550458715596331,0.5542168674698795,0.17726396917148363,0.2994791666666667,37,46,390,780
0.003096538,0.10344827586206896,0.5421686746987951,0.17374517374517376,0.29335071707953064,38,45,390,780
0.0030966029,0.10138248847926268,0.5301204819277109,0.1702127659574468,0.28720626631853785,39,44,390,780
0.0031201744,0.10161662817551963,0.5301204819277109,0.17054263565891473,0.2875816993464052,39,44,389,781
0.0031261528,0.10185185185185185,0.5301204819277109,0.170873786407767,0.2879581151832461,39,44,388,782
0.0031433739,0.10208816705336426,0.5301204819277109,0.17120622568093385,0.28833551769331583,39,44,387,783
0.0031484552,0.1,0.5180722891566265,0.16764132553606237,0.2821522309711286,40,43,387,783
0.0031501467,0.10023310023310024,0.5180722891566265,0.16796875,0.28252299605781866,40,43,386,784
0.0031703839,0.10046728971962617,0.5180722891566265,0.16829745596868884,0.28289473684210525,40,43,385,785
0.0031769294,0.10070257611241218,0.5180722891566265,0.16862745098039217,0.28326745718050067,40,43,384,786
0.003184631,0.10093896713615023,0.5180722891566265,0.16895874263261296,0.2836411609498681,40,43,383,787
0.0031934849,0.1011764705882353,0.5180722891566265,0.16929133858267717,0.28401585204755614,40,43,382,788
0.00320016,0.10141509433962265,0.5180722891566265,0.16962524654832348,0.2843915343915344,40,43,381,789
0.003207401,0.1016548463356974,0.5180722891566265,0.16996047430830039,0.2847682119205298,40,43,380,790
0.003226802,0.1018957345971564,0.5180722891566265,0.1702970297029703,0.28514588859416445,40,43,379,791
0.0032470543,0.1021377672209026,0.5180722891566265,0.17063492063492064,0.2855245683930943,40,43,378,792
0.003255379,0.10238095238095238,0.5180722891566265,0.1709741550695825,0.2859042553191489,40,43,377,793
0.003267204,0.1026252983293556,0.5180722891566265,0.17131474103585656,0.2862849533954727,40,43,376,794
0.0032689483,0.10287081339712918,0.5180722891566265,0.17165668662674652,0.2866666666666667,40,43,375,795
0.0032692126,0.10311750599520383,0.5180722891566265,0.172,0.2870493991989319,40,43,374,796
0.003293715,0.10336538461538461,0.5180722891566265,0.17234468937875752,0.2874331550802139,40,43,373,797
0.003301413,0.10361445783132531,0.5180722891566265,0.17269076305220885,0.2878179384203481,40,43,372,798
0.0033019483,0.10386473429951691,0.5180722891566265,0.17303822937625754,0.28820375335120646,40,43,371,799
0.0033123156,0.10411622276029056,0.5180722891566265,0.17338709677419356,0.28859060402684567,40,43,370,800
0.003320297,0.10436893203883495,0.5180722891566265,0.17373737373737375,0.28897849462365593,40,43,369,801
0.0033389486,0.10462287104622871,0.5180722891566265,0.17408906882591094,0.28936742934051146,40,43,368,802
0.0033496146,0.1048780487804878,0.5180722891566265,0.1744421906693712,0.28975741239892183,40,43,367,803
0.0033503852,0.10513447432762836,0.5180722891566265,0.17479674796747968,0.2901484480431849,40,43,366,804
0.0033754283,0.1053921568627451,0.5180722891566265,0.17515274949083504,0.2905405405405405,40,43,365,805
0.0034173117,0.10565110565110565,0.5180722891566265,0.17551020408163265,0.29093369418132614,40,43,364,806
0.0034286587,0.10591133004926108,0.5180722891566265,0.17586912065439672,0.29132791327913277,40,43,363,807
0.003454607,0.10617283950617284,0.5180722891566265,0.1762295081967213,0.29172320217096337,40,43,362,808
0.0034910997,0.10643564356435643,0.5180722891566265,0.17659137577002054,0.2921195652173913,40,43,361,809
0.0035265924,0.10421836228287841,0.5060240963855421,0.1728395061728395,0.2857142857142857,41,42,361,809
0.0035338604,0.1044776119402985,0.5060240963855421,0.1731958762886598,0.28610354223433243,41,42,360,810
0.003537758,0.10473815461346633,0.5060240963855421,0.17355371900826447,0.286493860845839,41,42,359,811
0.003559873,0.105,0.5060240963855421,0.17391304347826086,0.28688524590163933,41,42,358,812
0.003576528,0.10526315789473684,0.5060240963855421,0.17427385892116182,0.2872777017783858,41,42,357,813
0.0035774086,0.10552763819095477,0.5060240963855421,0.17463617463617465,0.2876712328767123,41,42,356,814
0.00359144,0.10579345088161209,0.5060240963855421,0.175,0.2880658436213992,41,42,355,815
0.0036178264,0.10606060606060606,0.5060240963855421,0.17536534446764093,0.28846153846153844,41,42,354,816
0.0036331653,0.10379746835443038,0.4939759036144578,0.17154811715481172,0.28198074277854196,42,41,354,816
0.003638584,0.10406091370558376,0.4939759036144578,0.1719077568134172,0.28236914600550966,42,41,353,817
0.0036557054,0.10432569974554708,0.4939759036144578,0.1722689075630252,0.2827586206896552,42,41,352,818
0.0036577173,0.10459183673469388,0.4939759036144578,0.1726315789473684,0.28314917127071826,42,41,351,819
0.0036774918,0.10485933503836317,0.4939759036144578,0.1729957805907173,0.2835408022130014,42,41,350,820
0.0036828911,0.10512820512820513,0.4939759036144578,0.1733615221987315,0.2839335180055402,42,41,349,821
0.0036916935,0.10539845758354756,0.4939759036144578,0.17372881355932204,0.2843273231622746,42,41,348,822
0.0037778728,0.1056701030927835,0.4939759036144578,0.1740976645435244,0.2847222222222222,42,41,347,823
0.0038167015,0.10594315245478036,0.4939759036144578,0.17446808510638298,0.2851182197496523,42,41,346,824
0.003820493,0.10621761658031088,0.4939759036144578,0.17484008528784648,0.28551532033426186,42,41,345,825
0.0038767164,0.10649350649350649,0.4939759036144578,0.1752136752136752,0.2859135285913529,42,41,344,826
0.0039569293,0.10677083333333333,0.4939759036144578,0.17558886509635974,0.28631284916201116,42,41,343,827
0.0039758524,0.10704960835509138,0.4939759036144578,0.1759656652360515,0.2867132867132867,42,41,342,828
0.004004363,0.10732984293193717,0.4939759036144578,0.17634408602150536,0.28711484593837533,42,41,341,829
0.0040051616,0.10761154855643044,0.4939759036144578,0.17672413793103448,0.28751753155680226,42,41,340,830
0.0040085167,0.10789473684210527,0.4939759036144578,0.1771058315334773,0.28792134831460675,42,41,339,831
0.004047526,0.10817941952506596,0.4939759036144578,0.1774891774891775,0.2883263009845288,42,41,338,832
0.004091484,0.10846560846560846,0.4939759036144578,0.17787418655097614,0.2887323943661972,42,41,337,833
0.004105833,0.10875331564986737,0.4939759036144578,0.1782608695652174,0.28913963328631875,42,41,336,834
0.004119543,0.10904255319148937,0.4939759036144578,0.1786492374727669,0.2895480225988701,42,41,335,835
0.004124734,0.10933333333333334,0.4939759036144578,0.17903930131004367,0.28995756718529,42,41,334,836
0.004133456,0.10962566844919786,0.4939759036144578,0.17943107221006566,0.29036827195467424,42,41,333,837
0.004157898,0.10991957104557641,0.4939759036144578,0.17982456140350878,0.2907801418439716,42,41,332,838
0.00416718,0.11021505376344086,0.4939759036144578,0.18021978021978022,0.2911931818181818,42,41,331,839
0.004188375,0.1105121293800539,0.4939759036144578,0.18061674008810572,0.29160739687055476,42,41,330,840
0.004197332,0.11081081081081082,0.4939759036144578,0.18101545253863136,0.292022792022792,42,41,329,841
0.0042470023,0.1111111111111111,0.4939759036144578,0.18141592920353983,0.29243937232524964,42,41,328,842
0.0042571835,0.11141304347826086,0.4939759036144578,0.18181818181818182,0.29285714285714287,42,41,327,843
0.0042596846,0.11171662125340599,0.4939759036144578,0.18222222222222223,0.2932761087267525,42,41,326,844
0.004290177,0.11202185792349727,0.4939759036144578,0.18262806236080179,0.29369627507163326,42,41,325,845
0.0043023815,0.11232876712328767,0.4939759036144578,0.18303571428571427,0.29411764705882354,42,41,324,846
0.0043381206,0.11263736263736264,0.4939759036144578,0.18344519015659955,0.29454022988505746,42,41,323,847
0.004339233,0.11294765840220386,0.4939759036144578,0.18385650224215247,0.2949640287769784,42,41,322,848
0.0043483195,0.1132596685082873,0.4939759036144578,0.1842696629213483,0.2953890489913545,42,41,321,849
0.004351016,0.11357340720221606,0.4939759036144578,0.18468468468468469,0.2958152958152958,42,41,320,850
0.004364089,0.11388888888888889,0.4939759036144578,0.18510158013544017,0.29624277456647397,42,41,319,851
0.0043892055,0.11420612813370473,0.4939759036144578,0.18552036199095023,0.29667149059334297,42,41,318,852
0.0044341674,0.11452513966480447,0.4939759036144578,0.18594104308390022,0.2971014492753623,42,41,317,853
0.0044535543,0.11484593837535013,0.4939759036144578,0.18636363636363637,0.29753265602322204,42,41,316,854
0.004541235,0.1151685393258427,0.4939759036144578,0.1867881548974943,0.29796511627906974,42,41,315,855
0.0045670676,0.11549295774647887,0.4939759036144578,0.1872146118721461,0.29839883551673946,42,41,314,856
0.004585583,0.11581920903954802,0.4939759036144578,0.18764302059496568,0.2988338192419825,42,41,313,857
0.004597127,0.11614730878186968,0.4939759036144578,0.18807339449541285,0.29927007299270075,42,41,312,858
0.0046186387,0.11647727272727272,0.4939759036144578,0.18850574712643678,0.2997076023391813,42,41,311,859
0.0046275323,0.1168091168091168,0.4939759036144578,0.1889400921658986,0.3001464128843338,42,41,310,860
0.0047426107,0.11714285714285715,0.4939759036144578,0.18937644341801385,0.30058651026392963,42,41,309,861
0.0048049297,0.1174785100286533,0.4939759036144578,0.18981481481481483,0.3010279001468429,42,41,308,862
0.00480584,0.11781609195402298,0.4939759036144578,0.1902552204176334,0.3014705882352941,42,41,307,863
0.0048369924,0.11815561959654179,0.4939759036144578,0.19069767441860466,0.3019145802650957,42,41,306,864
0.0048622238,0.11849710982658959,0.4939759036144578,0.19114219114219114,0.3023598820058997,42,41,305,865
0.004863915,0.11884057971014493,0.4939759036144578,0.19158878504672897,0.30280649926144754,42,41,304,866
0.0048833056,0.11918604651162791,0.4939759036144578,0.1920374707259953,0.3032544378698225,42,41,303,867
0.004899281,0.119533527696793,0.4939759036144578,0.19248826291079812,0.3037037037037037,42,41,302,868
0.004917578,0.11988304093567251,0.4939759036144578,0.19294117647058823,0.30415430267062316,42,41,301,869
0.004964965,0.12023460410557185,0.4939759036144578,0.19339622641509435,0.30460624071322434,42,41,300,870
0.0050537004,0.12058823529411765,0.4939759036144578,0.1938534278959811,0.30505952380952384,42,41,299,871
0.005084126,0.12094395280235988,0.4939759036144578,0.1943127962085308,0.3055141579731744,42,41,298,872
0.0051178257,0.12130177514792899,0.4939759036144578,0.19477434679334918,0.30597014925373134,42,41,297,873
0.0051414254,0.12166172106824925,0.4939759036144578,0.19523809523809524,0.3064275037369208,42,41,296,874
0.0051674373,0.12202380952380952,0.4939759036144578,0.1957040572792363,0.3068862275449102,42,41,295,875
0.005234969,0.12238805970149254,0.4939759036144578,0.19617224880382775,0.3073463268365817,42,41,294,876
0.0052351826,0.12275449101796407,0.4939759036144578,0.19664268585131894,0.3078078078078078,42,41,293,877
0.005252586,0.12312312312312312,0.4939759036144578,0.1971153846153846,0.3082706766917293,42,41,292,878
0.0053229523,0.12349397590361445,0.4939759036144578,0.19759036144578312,0.30873493975903615,42,41,291,879
0.0053391824,0.12386706948640483,0.4939759036144578,0.19806763285024154,0.3092006033182504,42,41,290,880
0.0053452915,0.12424242424242424,0.4939759036144578,0.19854721549636803,0.30966767371601206,42,41,289,881
0.0053975,0.12462006079027356,0.4939759036144578,0.19902912621359223,0.3101361573373676,42,41,288,882
0.0054352577,0.125,0.4939759036144578,0.19951338199513383,0.3106060606060606,42,41,287,883
0.005436882,0.12538226299694188,0.4939759036144578,0.2,0.3110773899848255,42,41,286,884
0.0054567587,0.12576687116564417,0.4939759036144578,0.20048899755501223,0.31155015197568386,42,41,285,885
0.005461675,0.12615384615384614,0.4939759036144578,0.20098039215686275,0.3120243531202435,42,41,284,886
0.0054621412,0.12654320987654322,0.4939759036144578,0.20147420147420148,0.3125,42,41,283,887
0.005492644,0.12693498452012383,0.4939759036144578,0.2019704433497537,0.31297709923664124,42,41,282,888
0.0055542532,0.12732919254658384,0.4939759036144578,0.20246913580246914,0.31345565749235477,42,41,281,889
0.005747908,0.1277258566978193,0.4939759036144578,0.20297029702970298,0.31393568147013784,42,41,280,890
0.0057547055,0.128125,0.4939759036144578,0.20347394540942929,0.31441717791411045,42,41,279,891
0.0057786433,0.12852664576802508,0.4939759036144578,0.20398009950248755,0.31490015360983103,42,41,278,892
0.0057980497,0.1289308176100629,0.4939759036144578,0.20448877805486285,0.3153846153846154,42,41,277,893
0.005899052,0.12933753943217666,0.4939759036144578,0.205,0.31587057010785824,42,41,276,894
0.0059287897,0.12974683544303797,0.4939759036144578,0.20551378446115287,0.31635802469135804,42,41,275,895
0.005949932,0.13015873015873017,0.4939759036144578,0.20603015075376885,0.3168469860896445,42,41,274,896
0.0059604184,0.1305732484076433,0.4939759036144578,0.20654911838790932,0.3173374613003096,42,41,273,897
0.0061054216,0.13099041533546327,0.4939759036144578,0.20707070707070707,0.3178294573643411,42,41,272,898
0.006117227,0.13141025641025642,0.4939759036144578,0.20759493670886076,0.31832298136645965,42,41,271,899
0.0061437087,0.13183279742765272,0.4939759036144578,0.20812182741116753,0.3188180404354588,42,41,270,900
0.006157204,0.13225806451612904,0.4939759036144578,0.20865139949109415,0.31931464174454827,42,41,269,901
0.0061781257,0.13268608414239483,0.4939759036144578,0.20918367346938777,0.31981279251170047,42,41,268,902
0.0061846375,0.1331168831168831,0.4939759036144578,0.20971867007672634,0.3203125,42,41,267,903
0.0062174257,0.13355048859934854,0.4939759036144578,0.21025641025641026,0.3208137715179969,42,41,266,904
0.0062875096,0.13398692810457516,0.4939759036144578,0.21079691516709512,0.3213166144200627,42,41,265,905
0.006390522,0.13442622950819672,0.4939759036144578,0.211340206185567,0.3218210361067504,42,41,264,906
0.006411456,0.13486842105263158,0.4939759036144578,0.21188630490956073,0.3223270440251572,42,41,263,907
0.0064119636,0.1353135313531353,0.4939759036144578,0.21243523316062177,0.3228346456692913,42,41,262,908
0.0064339284,0.1357615894039735,0.4939759036144578,0.21298701298701297,0.32334384858044163,42,41,261,909
0.006461074,0.1362126245847176,0.4939759036144578,0.21354166666666666,0.32385466034755134,42,41,260,910
0.0064628073,0.13666666666666666,0.4939759036144578,0.21409921671018275,0.32436708860759494,42,41,259,911
0.006474458,0.13712374581939799,0.4939759036144578,0.21465968586387435,0.3248811410459588,42,41,258,912
0.0064787543,0.13758389261744966,0.4939759036144578,0.2152230971128609,0.3253968253968254,42,41,257,913
0.0065454883,0.13804713804713806,0.4939759036144578,0.21578947368421053,0.32591414944356123,42,41,256,914
0.0066647786,0.13851351351351351,0.4939759036144578,0.21635883905013192,0.32643312101910826,42,41,255,915
0.006689732,0.13559322033898305,0.4819277108433735,0.21164021164021163,0.3189792663476874,43,40,255,915
0.006718208,0.1360544217687075,0.4819277108433735,0.21220159151193635,0.3194888178913738,43,40,254,916
0.006784339,0.13651877133105803,0.4819277108433735,0.2127659574468085,0.32,43,40,253,917
0.006881955,0.136986301369863,0.4819277108433735,0.21333333333333335,0.32051282051282054,43,40,252,918
0.0069140033,0.13745704467353953,0.4819277108433735,0.21390374331550802,0.32102728731942215,43,40,251,919
0.006996477,0.13793103448275862,0.4819277108433735,0.21447721179624665,0.3215434083601286,43,40,250,920
0.0070387423,0.1384083044982699,0.4819277108433735,0.21505376344086022,0.322061191626409,43,40,249,921
0.007091464,0.1388888888888889,0.4819277108433735,0.215633423180593,0.3225806451612903,43,40,248,922
0.0071117054,0.13937282229965156,0.4819277108433735,0.21621621621621623,0.32310177705977383,43,40,247,923
0.0071204985,0.13986013986013987,0.4819277108433735,0.21680216802168023,0.32362459546925565,43,40,246,924
0.0071428977,0.14035087719298245,0.4819277108433735,0.21739130434782608,0.3241491085899514,43,40,245,925
0.007186895,0.14084507042253522,0.4819277108433735,0.21798365122615804,0.3246753246753247,43,40,244,926
0.0072012637,0.1413427561837456,0.4819277108433735,0.2185792349726776,0.3252032520325203,43,40,243,927
0.007263266,0.14184397163120568,0.4819277108433735,0.2191780821917808,0.3257328990228013,43,40,242,928
0.007292836,0.1423487544483986,0.4819277108433735,0.21978021978021978,0.3262642740619902,43,40,241,929
0.007346487,0.14285714285714285,0.4819277108433735,0.22038567493112948,0.32679738562091504,43,40,240,930
0.0074956776,0.14336917562724014,0.4819277108433735,0.22099447513812154,0.32733224222585927,43,40,239,931
0.0076633943,0.14388489208633093,0.4819277108433735,0.22160664819944598,0.32786885245901637,43,40,238,932
0.0078013847,0.1444043321299639,0.4819277108433735,0.2222222222222222,0.3284072249589491,43,40,237,933
0.00785366,0.14492753623188406,0.4819277108433735,0.22284122562674094,0.32894736842105265,43,40,236,934
0.007863817,0.14545454545454545,0.4819277108433735,0.22346368715083798,0.32948929159802304,43,40,235,935
0.007901346,0.145985401459854,0.4819277108433735,0.22408963585434175,0.33003300330033003,43,40,234,936
0.008015686,0.14652014652014653,0.4819277108433735,0.2247191011235955,0.3305785123966942,43,40,233,937
0.008109253,0.14705882352941177,0.4819277108433735,0.22535211267605634,0.33112582781456956,43,40,232,938
0.008154162,0.14760147601476015,0.4819277108433735,0.22598870056497175,0.33167495854063017,43,40,231,939
0.008184786,0.14814814814814814,0.4819277108433735,0.22662889518413598,0.33222591362126247,43,40,230,940
0.0082285525,0.14869888475836432,0.4819277108433735,0.22727272727272727,0.33277870216306155,43,40,229,941
0.008262309,0.14925373134328357,0.4819277108433735,0.22792022792022792,0.3333333333333333,43,40,228,942
0.00830481,0.149812734082397,0.4819277108433735,0.22857142857142856,0.333889816360601,43,40,227,943
0.008321361,0.15037593984962405,0.4819277108433735,0.22922636103151864,0.33444816053511706,43,40,226,944
0.008368768,0.1509433962264151,0.4819277108433735,0.22988505747126436,0.33500837520938026,43,40,225,945
0.008475103,0.15151515151515152,0.4819277108433735,0.23054755043227665,0.33557046979865773,43,40,224,946
0.008525101,0.1520912547528517,0.4819277108433735,0.23121387283236994,0.33613445378151263,43,40,223,947
0.008534282,0.15267175572519084,0.4819277108433735,0.2318840579710145,0.3367003367003367,43,40,222,948
0.008612054,0.1532567049808429,0.4819277108433735,0.23255813953488372,0.3372681281618887,43,40,221,949
0.008639064,0.15,0.46987951807228917,0.22740524781341107,0.3293918918918919,44,39,221,949
0.008706486,0.15057915057915058,0.46987951807228917,0.22807017543859648,0.3299492385786802,44,39,220,950
0.008736101,0.1511627906976744,0.46987951807228917,0.2287390029325513,0.3305084745762712,44,39,219,951
0.008745165,0.14785992217898833,0.4578313253012048,0.2235294117647059,0.3225806451612903,45,38,219,951
0.0087464675,0.1484375,0.4578313253012048,0.22418879056047197,0.3231292517006803,45,38,218,952
0.008991337,0.14901960784313725,0.4578313253012048,0.22485207100591717,0.32367972742759793,45,38,217,953
0.00901973,0.14960629921259844,0.4578313253012048,0.22551928783382788,0.3242320819112628,45,38,216,954
0.009061269,0.15019762845849802,0.4578313253012048,0.2261904761904762,0.3247863247863248,45,38,215,955
0.009121456,0.15079365079365079,0.4578313253012048,0.22686567164179106,0.3253424657534247,45,38,214,956
0.009279588,0.14741035856573706,0.4457831325301205,0.2215568862275449,0.31732418524871353,46,37,214,956
0.00929599,0.148,0.4457831325301205,0.2222222222222222,0.3178694158075601,46,37,213,957
0.0093090935,0.14859437751004015,0.4457831325301205,0.22289156626506024,0.31841652323580033,46,37,212,958
0.009387072,0.14516129032258066,0.43373493975903615,0.2175226586102719,0.3103448275862069,47,36,212,958
0.009435051,0.145748987854251,0.43373493975903615,0.21818181818181817,0.31088082901554404,47,36,211,959
0.009486067,0.14634146341463414,0.43373493975903615,0.2188449848024316,0.31141868512110726,47,36,210,960
0.009533218,0.1469387755102041,0.43373493975903615,0.21951219512195122,0.3119584055459272,47,36,209,961
0.009657215,0.14754098360655737,0.43373493975903615,0.22018348623853212,0.3125,47,36,208,962
0.009717971,0.14814814814814814,0.43373493975903615,0.22085889570552147,0.3130434782608696,47,36,207,963
0.009807172,0.1487603305785124,0.43373493975903615,0.22153846153846155,0.313588850174216,47,36,206,964
0.009955162,0.14937759336099585,0.43373493975903615,0.2222222222222222,0.31413612565445026,47,36,205,965
0.010026152,0.15,0.43373493975903615,0.22291021671826625,0.3146853146853147,47,36,204,966
0.010284757,0.1506276150627615,0.43373493975903615,0.2236024844720497,0.31523642732049034,47,36,203,967
0.0104049845,0.14705882352941177,0.42168674698795183,0.21806853582554517,0.30701754385964913,48,35,203,967
0.010670582,0.14767932489451477,0.42168674698795183,0.21875,0.30755711775043937,48,35,202,968
0.010841466,0.1483050847457627,0.42168674698795183,0.219435736677116,0.30809859154929575,48,35,201,969
0.01085543,0.14893617021276595,0.42168674698795183,0.22012578616352202,0.30864197530864196,48,35,200,970
0.010855907,0.14957264957264957,0.42168674698795183,0.22082018927444794,0.30918727915194344,48,35,199,971
0.011031093,0.15021459227467812,0.42168674698795183,0.22151898734177214,0.30973451327433627,48,35,198,972
0.011068282,0.15086206896551724,0.42168674698795183,0.2222222222222222,0.3102836879432624,48,35,197,973
0.01118749,0.15151515151515152,0.42168674698795183,0.2229299363057325,0.3108348134991119,48,35,196,974
0.011190418,0.15217391304347827,0.42168674698795183,0.22364217252396165,0.3113879003558719,48,35,195,975
0.01119141,0.15283842794759825,0.42168674698795183,0.22435897435897437,0.31194295900178254,48,35,194,976
0.011236707,0.14912280701754385,0.40963855421686746,0.21864951768488747,0.30357142857142855,49,34,194,976
0.011335804,0.14977973568281938,0.40963855421686746,0.21935483870967742,0.3041144901610018,49,34,193,977
0.011415756,0.1504424778761062,0.40963855421686746,0.22006472491909385,0.3046594982078853,49,34,192,978
0.011435462,0.1511111111111111,0.40963855421686746,0.22077922077922077,0.3052064631956912,49,34,191,979
0.011470175,0.15178571428571427,0.40963855421686746,0.22149837133550487,0.3057553956834532,49,34,190,980
0.011501473,0.15246636771300448,0.40963855421686746,0.2222222222222222,0.3063063063063063,49,34,189,981
0.011651748,0.15315315315315314,0.40963855421686746,0.22295081967213115,0.30685920577617326,49,34,188,982
0.011680282,0.15384615384615385,0.40963855421686746,0.2236842105263158,0.3074141048824593,49,34,187,983
0.0118064815,0.15454545454545454,0.40963855421686746,0.22442244224422442,0.3079710144927536,49,34,186,984
0.011845572,0.1552511415525114,0.40963855421686746,0.2251655629139073,0.308529945553539,49,34,185,985
0.011925238,0.1559633027522936,0.40963855421686746,0.22591362126245848,0.3090909090909091,49,34,184,986
0.0119422125,0.15668202764976957,0.40963855421686746,0.22666666666666666,0.30965391621129323,49,34,183,987
0.011952204,0.1574074074074074,0.40963855421686746,0.22742474916387959,0.3102189781021898,49,34,182,988
0.011989494,0.15813953488372093,0.40963855421686746,0.22818791946308725,0.31078610603290674,49,34,181,989
0.012060902,0.1588785046728972,0.40963855421686746,0.22895622895622897,0.31135531135531136,49,34,180,990
0.012066648,0.1596244131455399,0.40963855421686746,0.22972972972972974,0.3119266055045872,49,34,179,991
0.012302124,0.16037735849056603,0.40963855421686746,0.2305084745762712,0.3125,49,34,178,992
0.0123260245,0.16113744075829384,0.40963855421686746,0.23129251700680273,0.31307550644567217,49,34,177,993
0.012357795,0.1619047619047619,0.40963855421686746,0.23208191126279865,0.31365313653136534,49,34,176,994
0.012394042,0.16267942583732056,0.40963855421686746,0.2328767123287671,0.3142329020332717,49,34,175,995
0.012414241,0.15865384615384615,0.39759036144578314,0.2268041237113402,0.3055555555555556,50,33,175,995
0.0124225095,0.15942028985507245,0.39759036144578314,0.22758620689655173,0.30612244897959184,50,33,174,996
0.012429684,0.16019417475728157,0.39759036144578314,0.22837370242214533,0.3066914498141264,50,33,173,997
0.01247023,0.16097560975609757,0.39759036144578314,0.22916666666666666,0.30726256983240224,50,33,172,998
0.012613518,0.16176470588235295,0.39759036144578314,0.22996515679442509,0.30783582089552236,50,33,171,999
0.012646628,0.15763546798029557,0.3855421686746988,0.22377622377622378,0.29906542056074764,51,32,171,999
0.012714313,0.15841584158415842,0.3855421686746988,0.22456140350877193,0.299625468164794,51,32,170,1000
0.012771416,0.15920398009950248,0.3855421686746988,0.22535211267605634,0.300187617260788,51,32,169,1001
0.012941569,0.16,0.3855421686746988,0.22614840989399293,0.3007518796992481,51,32,168,1002
0.01301538,0.15577889447236182,0.37349397590361444,0.2198581560283688,0.2919020715630885,52,31,168,1002
0.013216931,0.15656565656565657,0.37349397590361444,0.2206405693950178,0.29245283018867924,52,31,167,1003
0.0134645505,0.15736040609137056,0.37349397590361444,0.22142857142857142,0.29300567107750475,52,31,166,1004
0.013477307,0.15816326530612246,0.37349397590361444,0.2222222222222222,0.2935606060606061,52,31,165,1005
0.013628269,0.15897435897435896,0.37349397590361444,0.22302158273381295,0.29411764705882354,52,31,164,1006
0.013645433,0.15463917525773196,0.3614457831325301,0.21660649819494585,0.28517110266159695,53,30,164,1006
0.013807644,0.15544041450777202,0.3614457831325301,0.21739130434782608,0.2857142857142857,53,30,163,1007
0.013826376,0.15625,0.3614457831325301,0.21818181818181817,0.2862595419847328,53,30,162,1008
0.013854635,0.1518324607329843,0.3493975903614458,0.2116788321167883,0.27724665391969405,54,29,162,1008
0.013867658,0.15263157894736842,0.3493975903614458,0.21245421245421245,0.2777777777777778,54,29,161,1009
0.0139434915,0.15343915343915343,0.3493975903614458,0.21323529411764705,0.2783109404990403,54,29,160,1010
0.014067416,0.15425531914893617,0.3493975903614458,0.2140221402214022,0.27884615384615385,54,29,159,1011
0.014100509,0.15508021390374332,0.3493975903614458,0.21481481481481482,0.279383429672447,54,29,158,1012
0.014178203,0.15591397849462366,0.3493975903614458,0.21561338289962825,0.2799227799227799,54,29,157,1013
0.014191692,0.15675675675675677,0.3493975903614458,0.21641791044776118,0.2804642166344294,54,29,156,1014
0.014253955,0.15760869565217392,0.3493975903614458,0.21722846441947566,0.2810077519379845,54,29,155,1015
0.014272707,0.15300546448087432,0.3373493975903614,0.21052631578947367,0.27184466019417475,55,28,155,1015
0.014274068,0.15384615384615385,0.3373493975903614,0.21132075471698114,0.2723735408560311,55,28,154,1016
0.014290447,0.15469613259668508,0.3373493975903614,0.21212121212121213,0.2729044834307992,55,28,153,1017
0.0143051725,0.15555555555555556,0.3373493975903614,0.21292775665399238,0.2734375,55,28,152,1018
0.0148584545,0.15083798882681565,0.3253012048192771,0.20610687022900764,0.26418786692759294,56,27,152,1018
0.01487992,0.15168539325842698,0.3253012048192771,0.20689655172413793,0.2647058823529412,56,27,151,1019
0.0150730945,0.15254237288135594,0.3253012048192771,0.2076923076923077,0.26522593320235754,56,27,150,1020
0.015100041,0.1534090909090909,0.3253012048192771,0.2084942084942085,0.265748031496063,56,27,149,1021
0.015675174,0.15428571428571428,0.3253012048192771,0.20930232558139536,0.26627218934911245,56,27,148,1022
0.01569589,0.15517241379310345,0.3253012048192771,0.21011673151750973,0.26679841897233203,56,27,147,1023
0.015965339,0.15028901734104047,0.3132530120481928,0.203125,0.25742574257425743,57,26,147,1023
0.016090715,0.1511627906976744,0.3132530120481928,0.20392156862745098,0.25793650793650796,57,26,146,1024
0.016106455,0.15204678362573099,0.3132530120481928,0.2047244094488189,0.2584493041749503,57,26,145,1025
0.016150273,0.15294117647058825,0.3132530120481928,0.20553359683794467,0.2589641434262948,57,26,144,1026
0.016292043,0.15384615384615385,0.3132530120481928,0.20634920634920634,0.25948103792415167,57,26,143,1027
0.016664555,0.15476190476190477,0.3132530120481928,0.20717131474103587,0.26,57,26,142,1028
0.01711336,0.1497005988023952,0.30120481927710846,0.2,0.250501002004008,58,25,142,1028
0.01712431,0.15060240963855423,0.30120481927710846,0.20080321285140562,0.25100401606425704,58,25,141,1029
0.01713609,0.15151515151515152,0.30120481927710846,0.20161290322580644,0.2515090543259557,58,25,140,1030
0.017154185,0.1524390243902439,0.30120481927710846,0.20242914979757085,0.25201612903225806,58,25,139,1031
0.017184857,0.15337423312883436,0.30120481927710846,0.2032520325203252,0.25252525252525254,58,25,138,1032
0.01720868,0.15432098765432098,0.30120481927710846,0.20408163265306123,0.25303643724696356,58,25,137,1033
0.01748422,0.15527950310559005,0.30120481927710846,0.20491803278688525,0.2535496957403651,58,25,136,1034
0.017635606,0.15625,0.30120481927710846,0.205761316872428,0.2540650406504065,58,25,135,1035
0.017764416,0.15723270440251572,0.30120481927710846,0.2066115702479339,0.2545824847250509,58,25,134,1036
0.017832028,0.15822784810126583,0.30120481927710846,0.2074688796680498,0.25510204081632654,58,25,133,1037
0.017878555,0.1592356687898089,0.30120481927710846,0.20833333333333334,0.2556237218813906,58,25,132,1038
0.01793389,0.16025641025641027,0.30120481927710846,0.20920502092050208,0.25614754098360654,58,25,131,1039
0.018096644,0.16129032258064516,0.30120481927710846,0.21008403361344538,0.25667351129363447,58,25,130,1040
0.018212952,0.16233766233766234,0.30120481927710846,0.2109704641350211,0.257201646090535,58,25,129,1041
0.018750295,0.16339869281045752,0.30120481927710846,0.211864406779661,0.25773195876288657,58,25,128,1042
0.019051021,0.16447368421052633,0.30120481927710846,0.2127659574468085,0.25826446280991733,58,25,127,1043
0.019133126,0.15894039735099338,0.2891566265060241,0.20512820512820512,0.2484472049689441,59,24,127,1043
0.019177612,0.16,0.2891566265060241,0.20600858369098712,0.24896265560165975,59,24,126,1044
0.019356368,0.1610738255033557,0.2891566265060241,0.20689655172413793,0.2494802494802495,59,24,125,1045
0.019458026,0.16216216216216217,0.2891566265060241,0.2077922077922078,0.25,59,24,124,1046
0.01958296,0.16326530612244897,0.2891566265060241,0.20869565217391303,0.25052192066805845,59,24,123,1047
0.0197197,0.1643835616438356,0.2891566265060241,0.2096069868995633,0.2510460251046025,59,24,122,1048
0.019769339,0.16551724137931034,0.2891566265060241,0.21052631578947367,0.25157232704402516,59,24,121,1049
0.019984635,0.16666666666666666,0.2891566265060241,0.21145374449339208,0.25210084033613445,59,24,120,1050
0.02021418,0.16783216783216784,0.2891566265060241,0.21238938053097345,0.25263157894736843,59,24,119,1051
0.020506255,0.16901408450704225,0.2891566265060241,0.21333333333333335,0.25316455696202533,59,24,118,1052
0.020756625,0.1702127659574468,0.2891566265060241,0.21428571428571427,0.2536997885835095,59,24,117,1053
0.021461101,0.17142857142857143,0.2891566265060241,0.21524663677130046,0.2542372881355932,59,24,116,1054
0.021724517,0.17266187050359713,0.2891566265060241,0.21621621621621623,0.25477707006369427,59,24,115,1055
0.02176648,0.17391304347826086,0.2891566265060241,0.2171945701357466,0.2553191489361702,59,24,114,1056
0.021946514,0.17518248175182483,0.2891566265060241,0.21818181818181817,0.255863539445629,59,24,113,1057
0.022585765,0.17647058823529413,0.2891566265060241,0.2191780821917808,0.2564102564102564,59,24,112,1058
0.022630671,0.17777777777777778,0.2891566265060241,0.22018348623853212,0.2569593147751606,59,24,111,1059
0.022677293,0.1791044776119403,0.2891566265060241,0.22119815668202766,0.2575107296137339,59,24,110,1060
0.023028305,0.18045112781954886,0.2891566265060241,0.2222222222222222,0.25806451612903225,59,24,109,1061
0.023208002,0.18181818181818182,0.2891566265060241,0.22325581395348837,0.25862068965517243,59,24,108,1062
0.023372773,0.183206106870229,0.2891566265060241,0.22429906542056074,0.2591792656587473,59,24,107,1063
0.023431923,0.18461538461538463,0.2891566265060241,0.22535211267605634,0.2597402597402597,59,24,106,1064
0.02355589,0.18604651162790697,0.2891566265060241,0.22641509433962265,0.2603036876355748,59,24,105,1065
0.023953611,0.1875,0.2891566265060241,0.22748815165876776,0.2608695652173913,59,24,104,1066
0.023961142,0.1889763779527559,0.2891566265060241,0.22857142857142856,0.26143790849673204,59,24,103,1067
0.024192741,0.19047619047619047,0.2891566265060241,0.22966507177033493,0.26200873362445415,59,24,102,1068
0.024451874,0.192,0.2891566265060241,0.23076923076923078,0.26258205689277897,59,24,101,1069
0.024522323,0.1935483870967742,0.2891566265060241,0.2318840579710145,0.2631578947368421,59,24,100,1070
0.024984593,0.1951219512195122,0.2891566265060241,0.23300970873786409,0.26373626373626374,59,24,99,1071
0.025007663,0.19672131147540983,0.2891566265060241,0.23414634146341465,0.2643171806167401,59,24,98,1072
0.025624145,0.19008264462809918,0.27710843373493976,0.22549019607843138,0.25386313465783666,60,23,98,1072
0.026029086,0.19166666666666668,0.27710843373493976,0.22660098522167488,0.25442477876106195,60,23,97,1073
0.026038121,0.19327731092436976,0.27710843373493976,0.22772277227722773,0.2549889135254989,60,23,96,1074
0.026408667,0.19491525423728814,0.27710843373493976,0.22885572139303484,0.25555555555555554,60,23,95,1075
0.027083779,0.18803418803418803,0.26506024096385544,0.22,0.24498886414253898,61,22,95,1075
0.027923487,0.1896551724137931,0.26506024096385544,0.22110552763819097,0.24553571428571427,61,22,94,1076
0.027937671,0.19130434782608696,0.26506024096385544,0.2222222222222222,0.24608501118568232,61,22,93,1077
0.028198797,0.19298245614035087,0.26506024096385544,0.2233502538071066,0.24663677130044842,61,22,92,1078
0.028353084,0.19469026548672566,0.26506024096385544,0.22448979591836735,0.24719101123595505,61,22,91,1079
0.02850877,0.1875,0.25301204819277107,0.2153846153846154,0.23648648648648649,62,21,91,1079
0.028612975,0.1891891891891892,0.25301204819277107,0.21649484536082475,0.23702031602708803,62,21,90,1080
0.028946253,0.19090909090909092,0.25301204819277107,0.21761658031088082,0.23755656108597284,62,21,89,1081
0.028954292,0.1926605504587156,0.25301204819277107,0.21875,0.23809523809523808,62,21,88,1082
0.02920851,0.19444444444444445,0.25301204819277107,0.2198952879581152,0.23863636363636365,62,21,87,1083
0.029362902,0.18691588785046728,0.24096385542168675,0.21052631578947367,0.22779043280182232,63,20,87,1083
0.029398086,0.1792452830188679,0.2289156626506024,0.20105820105820105,0.21689497716894976,64,19,87,1083
0.029592099,0.18095238095238095,0.2289156626506024,0.20212765957446807,0.21739130434782608,64,19,86,1084
0.03023682,0.18269230769230768,0.2289156626506024,0.20320855614973263,0.21788990825688073,64,19,85,1085
0.03059752,0.18446601941747573,0.2289156626506024,0.20430107526881722,0.21839080459770116,64,19,84,1086
0.030760717,0.18627450980392157,0.2289156626506024,0.20540540540540542,0.21889400921658986,64,19,83,1087
0.030993318,0.18811881188118812,0.2289156626506024,0.20652173913043478,0.21939953810623555,64,19,82,1088
0.031221569,0.19,0.2289156626506024,0.20765027322404372,0.2199074074074074,64,19,81,1089
0.031301636,0.1919191919191919,0.2289156626506024,0.2087912087912088,0.22041763341067286,64,19,80,1090
0.032443907,0.19387755102040816,0.2289156626506024,0.20994475138121546,0.22093023255813954,64,19,79,1091
0.032899458,0.1958762886597938,0.2289156626506024,0.2111111111111111,0.22144522144522144,64,19,78,1092
0.033694603,0.19791666666666666,0.2289156626506024,0.2122905027932961,0.2219626168224299,64,19,77,1093
0.034667343,0.2,0.2289156626506024,0.21348314606741572,0.2224824355971897,64,19,76,1094
0.03591436,0.20212765957446807,0.2289156626506024,0.21468926553672316,0.22300469483568075,64,19,75,1095
0.037789598,0.20430107526881722,0.2289156626506024,0.2159090909090909,0.2235294117647059,64,19,74,1096
0.0379704,0.20652173913043478,0.2289156626506024,0.21714285714285714,0.2240566037735849,64,19,73,1097
0.03935842,0.2087912087912088,0.2289156626506024,0.21839080459770116,0.22458628841607564,64,19,72,1098
0.039435547,0.2,0.21686746987951808,0.20809248554913296,0.2132701421800948,65,18,72,1098
0.040568177,0.20224719101123595,0.21686746987951808,0.20930232558139536,0.21377672209026127,65,18,71,1099
0.04069461,0.20454545454545456,0.21686746987951808,0.21052631578947367,0.21428571428571427,65,18,70,1100
0.040818088,0.20689655172413793,0.21686746987951808,0.21176470588235294,0.21479713603818615,65,18,69,1101
0.04140243,0.20930232558139536,0.21686746987951808,0.21301775147928995,0.215311004784689,65,18,68,1102
0.041940495,0.21176470588235294,0.21686746987951808,0.21428571428571427,0.2158273381294964,65,18,67,1103
0.042161513,0.21428571428571427,0.21686746987951808,0.2155688622754491,0.21634615384615385,65,18,66,1104
0.042528104,0.21686746987951808,0.21686746987951808,0.21686746987951808,0.21686746987951808,65,18,65,1105
0.043477762,0.21951219512195122,0.21686746987951808,0.21818181818181817,0.21739130434782608,65,18,64,1106
0.04373873,0.20987654320987653,0.20481927710843373,0.2073170731707317,0.20581113801452786,66,17,64,1106
0.044432577,0.2125,0.20481927710843373,0.2085889570552147,0.20631067961165048,66,17,63,1107
0.044572063,0.21518987341772153,0.20481927710843373,0.20987654320987653,0.20681265206812652,66,17,62,1108
0.04739779,0.21794871794871795,0.20481927710843373,0.2111801242236025,0.2073170731707317,66,17,61,1109
0.0481383,0.2077922077922078,0.1927710843373494,0.2,0.19559902200489,67,16,61,1109
0.04826595,0.21052631578947367,0.1927710843373494,0.20125786163522014,0.19607843137254902,67,16,60,1110
0.048469022,0.21333333333333335,0.1927710843373494,0.20253164556962025,0.19656019656019655,67,16,59,1111
0.049216557,0.21621621621621623,0.1927710843373494,0.20382165605095542,0.19704433497536947,67,16,58,1112
0.049361918,0.2191780821917808,0.1927710843373494,0.20512820512820512,0.19753086419753085,67,16,57,1113
0.049908668,0.2222222222222222,0.1927710843373494,0.2064516129032258,0.19801980198019803,67,16,56,1114
0.050051533,0.22535211267605634,0.1927710843373494,0.2077922077922078,0.19851116625310175,67,16,55,1115
0.050234575,0.22857142857142856,0.1927710843373494,0.20915032679738563,0.19900497512437812,67,16,54,1116
0.050361868,0.21739130434782608,0.18072289156626506,0.19736842105263158,0.18703241895261846,68,15,54,1116
0.050765913,0.20588235294117646,0.1686746987951807,0.18543046357615894,0.175,69,14,54,1116
0.052510533,0.208955223880597,0.1686746987951807,0.18666666666666668,0.17543859649122806,69,14,53,1117
0.054293353,0.21212121212121213,0.1686746987951807,0.18791946308724833,0.17587939698492464,69,14,52,1118
0.054489,0.2,0.1566265060240964,0.17567567567567569,0.163727959697733,70,13,52,1118
0.05664346,0.203125,0.1566265060240964,0.17687074829931973,0.16414141414141414,70,13,51,1119
0.057024073,0.20634920634920634,0.1566265060240964,0.1780821917808219,0.16455696202531644,70,13,50,1120
0.058250435,0.20967741935483872,0.1566265060240964,0.1793103448275862,0.1649746192893401,70,13,49,1121
0.05911058,0.21311475409836064,0.1566265060240964,0.18055555555555555,0.16539440203562342,70,13,48,1122
0.059441056,0.21666666666666667,0.1566265060240964,0.18181818181818182,0.16581632653061223,70,13,47,1123
0.060767923,0.22033898305084745,0.1566265060240964,0.18309859154929578,0.16624040920716113,70,13,46,1124
0.0620884,0.22413793103448276,0.1566265060240964,0.18439716312056736,0.16666666666666666,70,13,45,1125
0.062191732,0.22807017543859648,0.1566265060240964,0.18571428571428572,0.16709511568123395,70,13,44,1126
0.066004835,0.23214285714285715,0.1566265060240964,0.18705035971223022,0.16752577319587628,70,13,43,1127
0.068986505,0.23636363636363636,0.1566265060240964,0.18840579710144928,0.16795865633074936,70,13,42,1128
0.070597194,0.24074074074074073,0.1566265060240964,0.1897810218978102,0.16839378238341968,70,13,41,1129
0.070921086,0.24528301886792453,0.1566265060240964,0.19117647058823528,0.16883116883116883,70,13,40,1130
0.0723941,0.25,0.1566265060240964,0.1925925925925926,0.16927083333333334,70,13,39,1131
0.073034644,0.2549019607843137,0.1566265060240964,0.19402985074626866,0.16971279373368145,70,13,38,1132
0.0752695,0.24,0.14457831325301204,0.18045112781954886,0.15706806282722513,71,12,38,1132
0.07646262,0.24489795918367346,0.14457831325301204,0.18181818181818182,0.15748031496062992,71,12,37,1133
0.077157296,0.25,0.14457831325301204,0.183206106870229,0.15789473684210525,71,12,36,1134
0.07742084,0.2553191489361702,0.14457831325301204,0.18461538461538463,0.158311345646438,71,12,35,1135
0.077668846,0.2608695652173913,0.14457831325301204,0.18604651162790697,0.15873015873015872,71,12,34,1136
0.07874326,0.26666666666666666,0.14457831325301204,0.1875,0.15915119363395225,71,12,33,1137
0.07893998,0.2727272727272727,0.14457831325301204,0.1889763779527559,0.1595744680851064,71,12,32,1138
0.0841133,0.27906976744186046,0.14457831325301204,0.19047619047619047,0.16,71,12,31,1139
0.085388586,0.2619047619047619,0.13253012048192772,0.176,0.14705882352941177,72,11,31,1139
0.088109635,0.2682926829268293,0.13253012048192772,0.1774193548387097,0.14745308310991956,72,11,30,1140
0.08868447,0.275,0.13253012048192772,0.17886178861788618,0.1478494623655914,72,11,29,1141
0.09201069,0.28205128205128205,0.13253012048192772,0.18032786885245902,0.14824797843665768,72,11,28,1142
0.09220309,0.2631578947368421,0.12048192771084337,0.1652892561983471,0.13513513513513514,73,10,28,1142
0.10311706,0.24324324324324326,0.10843373493975904,0.15,0.12195121951219512,74,9,28,1142
0.10922403,0.25,0.10843373493975904,0.15126050420168066,0.12228260869565218,74,9,27,1143
0.11770756,0.22857142857142856,0.0963855421686747,0.13559322033898305,0.10899182561307902,75,8,27,1143
0.118854746,0.23529411764705882,0.0963855421686747,0.13675213675213677,0.1092896174863388,75,8,26,1144
0.120147206,0.24242424242424243,0.0963855421686747,0.13793103448275862,0.1095890410958904,75,8,25,1145
0.124187484,0.21875,0.08433734939759036,0.12173913043478261,0.09615384615384616,76,7,25,1145
0.13798566,0.1935483870967742,0.07228915662650602,0.10526315789473684,0.08264462809917356,77,6,25,1145
0.13974214,0.2,0.07228915662650602,0.10619469026548672,0.08287292817679558,77,6,24,1146
0.1402352,0.20689655172413793,0.07228915662650602,0.10714285714285714,0.08310249307479224,77,6,23,1147
0.14209844,0.21428571428571427,0.07228915662650602,0.10810810810810811,0.08333333333333333,77,6,22,1148
0.1429565,0.2222222222222222,0.07228915662650602,0.10909090909090909,0.08356545961002786,77,6,21,1149
0.14726642,0.23076923076923078,0.07228915662650602,0.11009174311926606,0.08379888268156424,77,6,20,1150
0.16820699,0.24,0.07228915662650602,0.1111111111111111,0.08403361344537816,77,6,19,1151
0.16964094,0.25,0.07228915662650602,0.11214953271028037,0.08426966292134831,77,6,18,1152
0.16990918,0.2608695652173913,0.07228915662650602,0.11320754716981132,0.08450704225352113,77,6,17,1153
0.17448102,0.2727272727272727,0.07228915662650602,0.11428571428571428,0.0847457627118644,77,6,16,1154
0.18714416,0.23809523809523808,0.060240963855421686,0.09615384615384616,0.0708215297450425,78,5,16,1154
0.18745108,0.25,0.060240963855421686,0.0970873786407767,0.07102272727272728,78,5,15,1155
0.1879311,0.2631578947368421,0.060240963855421686,0.09803921568627451,0.07122507122507123,78,5,14,1156
0.19061701,0.2777777777777778,0.060240963855421686,0.09900990099009901,0.07142857142857142,78,5,13,1157
0.19348758,0.29411764705882354,0.060240963855421686,0.1,0.07163323782234957,78,5,12,1158
0.20008183,0.3125,0.060240963855421686,0.10101010101010101,0.07183908045977011,78,5,11,1159
0.20944631,0.3333333333333333,0.060240963855421686,0.10204081632653061,0.07204610951008646,78,5,10,1160
0.31961867,0.35714285714285715,0.060240963855421686,0.10309278350515463,0.07225433526011561,78,5,9,1161
0.3476572,0.3076923076923077,0.04819277108433735,0.08333333333333333,0.057971014492753624,79,4,9,1161
0.35376158,0.3333333333333333,0.04819277108433735,0.08421052631578947,0.05813953488372093,79,4,8,1162
0.37899184,0.36363636363636365,0.04819277108433735,0.0851063829787234,0.05830903790087463,79,4,7,1163
0.38183278,0.4,0.04819277108433735,0.08602150537634409,0.05847953216374269,79,4,6,1164
0.38467303,0.4444444444444444,0.04819277108433735,0.08695652173913043,0.05865102639296188,79,4,5,1165
0.40481323,0.375,0.03614457831325301,0.06593406593406594,0.04411764705882353,80,3,5,1165
0.42708883,0.42857142857142855,0.03614457831325301,0.06666666666666667,0.04424778761061947,80,3,4,1166
0.44691285,0.5,0.03614457831325301,0.06741573033707865,0.04437869822485207,80,3,3,1167
0.49775186,0.6,0.03614457831325301,0.06818181818181818,0.04451038575667656,80,3,2,1168
0.6262114,0.75,0.03614457831325301,0.06896551724137931,0.044642857142857144,80,3,1,1169
0.6936679,0.6666666666666666,0.024096385542168676,0.046511627906976744,0.029850746268656716,81,2,1,1169
0.74880815,0.5,0.012048192771084338,0.023529411764705882,0.014970059880239521,82,1,1,1169
0.8046312,1.0,0.012048192771084338,0.023809523809523808,0.015015015015015015,82,1,0,1170
